IDNumber	Author	Title	PublishingDetails	Note	firmsIndividualsIndex	Location	featherid
044	NULL	150th anniversary supplement.	Windsor, Slough and Eton Express, 1962.	NULL	Windsor and Eton Express, The	Berkshire	1
045	NULL	At a ripe old age of 125.	Bucks Advertiser, 1 Dec 1961, p.1.	Note: See also Madden and Dixon 648-49.	Aylesbury News and Advertiser for Bucks, The	Buckinghamshire	2
046	NULL	Centenary number 1832-1932.	Bucks Herald, 1 Jan 1932.	NULL	Bucks Herald, The	Buckinghamshire	3
047	Keefe, H. T.	A century in print. The story of Hazells.	Aylesbury: Hazell, Watson and Viney, 1939.	NULL	Hazell, Watson, and Viney ltd.	Buckinghamshire	4
048	Gray,George J. and Palmer, William Mortlock.	Abstracts from the wills and testamentary documents of printers, binders and stationers of Cambridge, from 1504 to 1699.	London: The Bibliographical Society, 1915.	NULL	NULL	Cambridgshire	5
049	Gray, George J.	Cambridge bookselling,	Cambridge: Bowes and Bowes, 1925.	NULL	NULL	Cambridgshire	6
050	-	The earlier Cambridge stationers & bookbinders and the first Cambridge printer.	London: The Bibliographical Society, illustrated monograph, 13, 1904.	NULL	NULL	Cambridgshire	7
051	-	The early stationers and bookbinders, and the first printer, of Cambridge.	TBS, 6 (1901),14-48.	NULL	NULL	Cambridgshire	8
052	Murphy, Michael J.	Cambridge newspapers and opinion 1780-1850.	Cambridge: The Oleander Press, 1977.	NULL	NULL	Cambridgshire	9
053	Oates, J. C. T.	Books at Cambridge in the sixteenth century and before. In Crutchley, Brooke. Siberch celebrations 1521-1971.	Cambridge: Cambridge University press, 1971.	NULL	NULL	Cambridgshire	10
054	Sayle, C. E.	Cambridge fragments. Postscript.	Libr., 3rd ser., 3 (1912), 336-39.	NULL	NULL	Cambridgshire	11
055	Stokes, H. P.	Cambridge stationers, printers, bookbinders, &c.	Cambridge: Bowes and Bowes, 1919.	NULL	NULL	Cambridgshire	12
056	NULL	Catalogue of an exhibition of Cambridge books and printing held in the Old Court House, Marylebone Road.	Cambridge: Cambridge University Press, 1931.	NULL	NULL	Cambridgshire	13
057	Nixon, H. M.	A Cambridge binding by William Bonnor, 1736.	BC, 22 (1973), 494.	NULL	Bonner, William	Cambridgshire	14
058	NULL	Bicentenary number.	Cambridge Independent Press and Chronicle, 25 Feb 1944.	NULL	Cambridge Chronicle, The	Cambridgshire	15
059	Cranfield, G. A.	The first Cambridge newspaper.	Proc.Cambridge Antiq Soc., 45(1951), 5-16.	NULL	Cambridge Journal, The	Cambridgshire	16
060	Nixon, H. M.	A Cambridge binding by Ed. Moore, c. 1748.	BC, 16 (1967), 481.	NULL	Moore, Edward	Cambridgshire	17
061	Bowes, Robert and Gray, G. J.	John Siberch.	Cambridge: Bowes and Bowes, 1906.	NULL	Siberch, John von Lair	Cambridgshire	18
062	Crutchley, Brooke.	The first Cambridge printer. In Crutchley, Brooke. Siberch celebrations 1521-1971.	Cambridge: Cambridge University Press, 1971.	NULL	Siberch, John von Lair	Cambridgshire	19
063	Gray, George J.	The Cambridge University Press and John Siberch.	Libr., 4th ser., 8 (1928), 260-63.	NULL	Siberch, John von Lair	Cambridgshire	20
064	-	John Siberch. The first Cambridge printer.	Cambridge: Bowes and Bowes, 1921.	NULL	Siberch, John von Lair	Cambridgshire	21
065	Treptow, Otto.	John Siberch.	Cambridge: CBS, monograph, 6, 1970.	Note: Translated from the German by Trevor Jones, and edited by John Morris and Trevor Jones. Originally published in 1964, and in a revised version, in Heimatbuch der Stadt Sieburg, 2 (1967).	Siberch, John von Lair	Cambridgshire	22
066	NULL	Siberch celebrations.	Printing World, 188 (1971), 401.	NULL	Siberch, John von Lair	Cambridgshire	23
067	Baillie, W. M.	The printing of privileged books at Cambridge 1631-1634.	TCBS, 5 (1971),155-66.	NULL	Cambridge University Press	Cambridgshire	24
068	Bowes, Robert.	Biographical notes on the University Printers from the commencement of printing in Cambridge to the present time.	Proc. Cambridge Antiq. Soc., 5 (1883-86), 283-362.	NULL	Cambridge University Press	Cambridgshire	25
069	Jenkinson, Francis, Roberts, S. C., and Barnes, G. R.	A list of books printed in Cambridge at the University Press 1521-1800.	Cambridge: Cambridge University Press, 1935.	NULL	Cambridge University Press	Cambridgshire	26
070	Roberts, S. C.	The evolution of Cambridge publishing.	Cambridge: Cambridge University Press, 1956.	NULL	Cambridge University Press	Cambridgshire	27
071	-	A history of the Cambridge University Press 1521-1921.	Cambridge: Cambridge University Press, 1921.	NULL	Cambridge University Press	Cambridgshire	28
072	NULL	The University Printing Houses at Cambridge from the sixteenth to the twentieth centuries.	Cambridge: Cambridge University Press, 1963.	NULL	Cambridge University Press	Cambridgshire	29
073	NULL	Printing in Wisbech.	Wisbech, 1974.	NULL	NULL	Cambridgshire	30
074	NULL	Centenary number.	Isle of Ely and Wisbecb Advertiser, 1 Aug 1945.	NULL	Wisbech Advertiser, The	Cambridgshire	31
075	Cheshire bibliography. [by various hands]. In J. P. Earwaker	Local gleanings relating to Lancashire and Chesire.	1 ( 1875-76). Â§ 194, 200, 209, 231, 241, 246-48, 2156, 260-61, 278, 286, 294.	NULL	NULL	Cheshire	32
076	Cooke, John H.	Bibliotheca Cestrensis: or, a biographical account of books, maps, plates, and other printed matter ... printed or published in ... the county of Chester.	Warrington: Mackie & Co. Ltd., 1904.	NULL	NULL	Cheshire	33
077	R., B. C.	Private printing presses, 1799-1850.	Cheshire Sheaf, 4th ser., 1 (1967), 30.	Note: A list of registrations under the Seditious SocietiesAct 1799. See no.15, based on the same Act.	NULL	Cheshire	34
078	Smith, R.E.G.	Newspapers first published before 1900 in Lancashire, Cheshire, and the Isle of Man: a union list.	London: The Library Association, Reference, Special and Information Section, 1964.	NULL	NULL	Cheshire	35
079	Nuttall, Derek.	A history of printing in Chester from 1668 to 1965.	Chester: The Author, 1969.	NULL	NULL	Cheshire	36
080	Parr,M	Chester Welsh printing.	J.Chester and North Wales Arch. And Historic Soc.,21 (1915),56-76.	NULL	NULL	Cheshire	37
081	Stewart-Brown, R.	The stationers, booksellers and printers of Chester to about 1800.	Trans. Historic Soc. of Lancashire and Cheshire, 83 (1932), 101-52.	NULL	NULL	Cheshire	38
082	Hall, James.	Chester newspapers about 100 years ago.	J.Chester and North Wales Arch. And Historic Soc., new ser., 21 (1915), 47-55.	NULL	NULL	Cheshire	39
083	Hughes, Thomas.	On Chester literature, its authors and publishers, during the sixteenth and seventeenth centuries.	J.Architectural, Arch. And Historic Soc. For the County, City and Neighbourhood of Chester, 2 (1855-62), 21-30.	NULL	NULL	Cheshire	40
084	NULL	150th birthday number.	Chester Chronicle, 2 May 1925	NULL	Chester Chronicle, The	Cheshire	41
085	NULL	Bicentenary souvenir edition 1730-1930.	Chester Courant, 26 Nov 1930.	Note: See also Madden and Dixon 808.	Chester Courant, The	Cheshire	42
086	B., H.	A 'forgotten' newspaper.	Cheshire Sheaf, 3rd ser., 59 (1964), 15.	NULL	Chester Guardian, The	Cheshire	43
087	T., W.	The Chester Guardian.	Cheshire Sheaf, 3rd ser., 59 (1964), 39.	NULL	Chester Guardian, The	Cheshire	44
088	Taylor, Henry.	Chester's oldest newspaper.	J Chester and North Wales Arch. and Historic Soc., new ser., 21 (1915), 25-29.	NULL	Chester Weekly Journal, The	Cheshire	45
089	C., I.	An early Chester newspaper.	Cheshire Sheaf, 3rd ser., 57 (1962), 71.	NULL	Industrious Bee, The	Cheshire	46
090	Plomer, H. R.	A Chester bookseller,1667-1700: some of his customers and the books he sold them.	Libr, 2nd ser., 4 (1904), 373-83.	NULL	Minshull, John	Cheshire	47
091	NULL	Centenary number.	Macclesfield Courier and Herlad, 4 Feb 1911	NULL	Macclesfield Courier, The	Cheshire	48
092	NULL	Centenary supplement 1822-1922.	Stockport Advertsider, 31 Mar 1922.	NULL	Stockport Advertiser, The	Cheshire	49
093	Attwood, J. S.	Booksellers and printers in Devon and Cornwall in the seventeenth and eighteenth centuries.	Devon and Cornwall NQ, 9 (1916-17), 129-38.	NULL	NULL	Cornwall	50
094	Potts, R. A. J.	Early Cornish printers, 1740-1850.	J. Royal Inst. of Cornwall, new ser., 4 (1964),264-325.	NULL	NULL	Cornwall	51
095	Barnes, F., and Hobbs, J L.	Handlist of newspapers published in Cumberland, Westmorland, and north Lancashire.	Cumberland and Westmorland Antiq. and Arch. Soc., tract ser., 14, 1951.	NULL	NULL	Cumberland	52
096	Ferguson, Chancellor.	On the collection of chap-books in the Bibliotheca Jacksoniana, in Tuilie House, Carlisle, with some remarks on the history of printing in Carlisle, Whitehaven, Penrith, and other north country towns.	Trans.Cumberland and Westmorland Antiq. and Arch. Soc., 14 (1896), 1-120.	NULL	NULL	Cumberland	53
097	NULL	150th birthday number.	Carslise Journal, 29 Oct 1948.	NULL	Carlisle Journal, The	Cumberland	54
098	NULL	150 years on! 1815-1965, supplement.	Cumberland News, 11 Jun 1965.	NULL	Carlisle Patriot, The	Cumberland	55
099	Hay, Daniel.	Some early Whitehaven printers.	Lib. R., 23 (1971), 27-30.	NULL	NULL	Cumberland	56
100	Taylor, Norman.	Derbyshire printing and printers before 1800.	Derbyshire Arch. J, 70 (1950),38-69.	NULL	NULL	Derbyshire	57
101	Wallis, A.	A sketch of the early history of the printing press in Derby.	J. Derbyshire Arch. and Natural History Soc., 3 (1881), 137-56.	NULL	NULL	Derbyshire	58
102	Bemrose, H. H.	The house of Bemrose 1826-1926.	Derby: The Bemrose Press, 1926.	NULL	Bemrose and co.,	Derbyshire	59
103	Owen-Jones, A- E.	The romance of a century 1826-1926.	Derby: Bemrose & Sons Ltd., 1926.	NULL	Bemrose and co.,	Derbyshire	60
104	NULL	Centenary number.	Derby and Chesterfield Reporter, 5 Jan 1923.	NULL	Derby and Chesterfield Reporter, The	Derbyshire	61
105	NULL	Centenary number 1846-1946.	Derbyshire Advertiser, 4 Jan 1946.	NULL	Derbyshire Advertiser, The	Derbyshire	62
106	Dredge, John Ingle.	Devon booksellers & printers in the 17th & 18th centuries.	Plymouth: W. H. Luke, 1885.	Note: Supplement published in 1887.	NULL	Devon	63
107	Radford, Lady.	Early printing in Devon.	Trans. Devon Ass. For the Advancement of Science, Literature and Art, 60 (1928), 51-74.	NULL	NULL	Devon	64
108	Wallis, Peter J., and Robinson, F. J. G.	A preliminary guide to Devonshire book subscription lists.	Newcastle-upon-Tyne: PHIBB, 48, 1973.	NULL	NULL	Devon	65
109	Worth, R. N.	Notes on the history of printing in Devon.	Report and Trans. Devonshire Ass., 11 (1879), 497-515.	NULL	NULL	Devon	66
110	Dickinson, M. G.	Early Exeter printers and booksellers, 1669-1741.	Devon and Cornwal NQ, 29 (1962-64), 164-71.	NULL	NULL	Devon	67
111	Plomer, H. R.	More petitions to Archbishop Laud.	Libr., 3rd ser., 10 (1919), 129-38.	Note: Includes a petition against Peter Southwood, Peter Parkman, William Twopenny, Thomas Wyath, and George Langworthy, all ironmongers, for alleged illegal bookselling in Exeter, pp 135-36	NULL	Devon	68
112	Tapley-Soper, H.	Exeter printers, booksellers, and libraries.	BAR, 5 (1907-08), xxi-xxiii, xli.	NULL	NULL	Devon	69
113	Brushfield, T. N.	Andrew Brice, and the early Exeter newspaper press.	Trans. Devon Ass., 20 (1888), 163-214.	NULL	Brice, Andrew	Devon	70
114	-	The life and bibliography of Andrew Brice.	Exeter: Privately Printed, 1888.	NULL	Brice, Andrew	Devon	71
115	Bentley, C. F.	New information about an Exeter bookseller: an addition and correction to Plomer.	NQ, 212 (1967), 102.	NULL	Crowse, James	Devon	72
116	NULL	The anniversary of the Devon and Exeter Weekly Gazette 5 March 1910, being the completion of the 138th year of the uninterrupted existence of the paper, and the 25th year of its present ownership.	Exeter: Devon and Exeter Weekly Gazette, 1910.	Note: See also Madden and Dixon 997	Essex Gazette, The	Devon	73
117	Plomer, Henry R.	An Exeter bookseller, his friends and contemporaries.	Libr., 3rd ser., 8 (1917), 128-35.	NULL	Gropall, John	Devon	74
118	NULL	Centenary supplement 1849-1949.	Teignmouth Gazette, 16 Sep 1949.	NULL	Teignmouth Gazette, The	Devon	75
119	Johnstone, H. F. V.	Some Dorset journalists.	Dorset Yearbook, 58 (1965), 75-78.	NULL	NULL	Dorset	76
120	Adams, Victor J.	Samuel Simmonds - bookseller and chemist.	Dorset Yearbook, 58 (1965),93-95.	NULL	Simmond, Samuel	Dorset	77
121	NULL	Centenary number.	Poole and Dorset Herald, 11 Apr 1946.	NULL	Poole and Dorsetshire Weekly Herald, The	Dorset	78
122	NULL	Western Gazette: two hundred years of local news.	Yeovil: Western Gazette, 1937.	NULL	Sherborne Mercury, The	Dorset	79
123	NULL	Flying Post - Western Gazette.	Newspaper World, 22 Jul 1939, p. 5.	NULL	Western Flying Post, The	Dorset	80
124	Adams, Victor J.	John Love of Weymouth.	Dorchester, 1965.	NULL	Love, John	Dorset	81
125	Hunt, C. J.	The book trade in Northumberland and Durham to 1860.	Newcastle-upon-Tyne: Thorne's Students' Bookshop Ltd., for the History of the Book Trade in the North, 1975.	NULL	NULL	Durham	82
126	-	A list of printed books and papers dealing with the history of the book trade in Northumberland and Durham.	History of the Book Trade in the North, 1966.	NULL	NULL	Durham	83
127	Isaac, Peter C. G., ed.	Manuscript and other miscellaneous sources of information.	History of the Book Trade in the North, 1966.	NULL	NULL	Durham	84
128	NULL	List of tradesmen, artists, etc., connected with the book trade 1778-1840.	History of the Book Trade in the North, 1966.	NULL	NULL	Durham	85
129	Wallis, P. J.	The north-east book trade to 1860. Imprints and subscriptions.	Newcastle- upon-Tyne: PHIBB, 153, 1977.	NULL	NULL	Durham	86
130	Page, J. R.	Darlington newspapers.	Darlington: Darlington Corporation, 1972.	NULL	NULL	Durham	87
131	NULL	Darlington and Stockton Times centenary 1847-1947.	Darlington: 1947.	Note: See also Madden and Dixon 896	Darlington and Stockton Times, The	Durham	88
132	NULL	150th birthday number 1814-1964.	Durham County Advertiser, 11 Sep 1964.	Note: See also Madden and Dixon 931, 933.	Durham County Advertiser, The	Durham	89
133	Thomson, A. Hamilton.	The Surtees Society 1834-1934.	Publications of the Surtees Soc., 150 (1935).	Note: List of publications, pp. 86-216	Surtees Society, The	Durham	90
134	NULL	Centenary: 100 years of the Shields Gazette 1849-1949.	South Shields, 1949.	Note: See also Madden and Dixon 1329.	North and South Shields Gazette, The	Durham	91
135	Bain, G. W.	Early printing presses of Sunderland.	Antiq. of Sunderland and its Vicinity, 7 (1908), 1-12.	NULL	NULL	Durham	92
137	Middlemiss, J. T.	A Sunderland newspaper about 70 years ago.	Antiq. of Sunderland and its vicinity, 4 (1905), 8-15.	NULL	Sunderland Herald, The	Durham	93
138	Moon, Z.	Essex literature.	Leyton, 1960.	NULL	NULL	Durham	94
139	NULL	150th anniversary supplement.	Colchester Gazette, 8 Sep 1964.	Note: See also Madden and Dixon 829.	Colchester Gazette, The	Durham	95
140	Bensusan-Butt, J.	History of the Essex Standard.	Colchester Gazette, 8 Sep 1965, pp. 9-12.	Note: See also Madden and Dixon 977, 979.	Essex Standard, The	Durham	96
141	Austin, Roland.	Catalogue of the Gloucestershire collection.	Gloucester, 1928.	Note: A collection in Gloucester Public Library; the Catalogue includes important lists and indices of local printing, printers, and publisbers.	NULL	Gloucestershire	97
142	-	Some notes on printing in Gloucestershire.	BAR, 16 (1919), i-vii.	NULL	NULL	Gloucestershire	98
143	Hyett, Francis Adams, and Bazeley, William.	The bibliographer's manual of Gloucestershire literature.	Gloucestershire: J. Bellows, 3 vols., 1895-97; Supplements by Hyett and Roland Austin, Gloucester: J. Bellows, 2 vols., 1915-16.	NULL	NULL	Gloucestershire	99
144	Hyett, Francis Adams.	Notes on the first Bristol and Gloucestershire printers.	Trans. Bristol and Gloucestershire Arch. Soc., 20 (1896), 38-51.	NULL	NULL	Gloucestershire	100
145	NULL	Early Bristol newspapers. A detailed catalogue of Bristol newspapers published up to and including the year 1800 in Bristol Reference Library.	Bristol: Corporation of Bristol, 1956.	NULL	NULL	Gloucestershire	101
146	Merton, Wilfred.	A new Bristol pamphlet.	Libr., 3rd ser., 8 (1917), 162-64.	NULL	Bonny, William	Gloucestershire	102
147	George, W.	The oldest Bristol newspaper.	Bristol Times and Mirror, 4 Aug 1884.	NULL	Bristol Times and Mirror, The	Gloucestershire	103
148	Wells, C.	History of the Bristol Times and Mirror.	Bristol: Bristol Times and Mirror, 1913.	NULL	Bristol Times and Mirror, The	Gloucestershire	104
149	Foxon, D. F.	The printing of Lyrical Ballads.	Libr., 5th ser., 9 (1954), 221-41.	NULL	Cottle, Joseph	Gloucestershire	105
150	NULL	125 years of printing and publishing 1825-1950.	Bristol: John Wright & Sons Ltd., 1950.	NULL	Wright, John	Gloucestershire	106
151	NULL	Centenary supplement.	Cheltenham Chronicle and Glo'stersbire Graphic, 8 May 1909.	NULL	Cheltenham Chronicle, The	Gloucestershire	107
152	Norris, Herbert E.	The book sellers and printers of Circencester.	Cirencester: Cirencester Naturalists' and Archaeologists' Club, 1912.	NULL	NULL	Gloucestershire	108
153	-	Cirencester booksellers and printers.	NQ, 1lth ser., 11 (1915), 141-43.	NULL	NULL	Gloucestershire	109
154	Austin, Roland.	Samuel Rudder.	Libr., 3rd ser., 6 (1915), 235-51.	NULL	Rudder, Samuel	Gloucestershire	110
155	NULL	Centenary supplement.	Wilts and Gloucestershire Standard, 30 Jan 1937.	NULL	Wilts and Gloucester Standard, The	Gloucestershire	111
156	Austin, R.	The Gloucester journal: numbering of volumes.	NQ, 12thser.,3(1915),317.	NULL	Gloucester Journal, The	Gloucestershire	112
157	-	The Gloucester journal, 1722-1922.	NQ, 12th ser., 10 (1922), 261-64, 283-85.	NULL	Gloucester Journal, The	Gloucestershire	113
158	-	Robert Raikes, the elder, & the Gloucester Joumal.	Libr., 3rd ser., 6 (1915),1-24.	Note: See also Madden and Dixon 1049-50, 1052.	Gloucester Journal, The	Gloucestershire	114
159	Edwards, F. A.	The early newspaper press of Hampshire.	Southampton: Hampshire Independent, 1889.	NULL	NULL	Hampshire	115
160	-	Early Hampshire printers.	Papers and Proc Hampshire Field Club, 2 (1890-93), 110-34.	NULL	NULL	Hampshire	116
161	Daish, A. N.	Printers' pride. The house of Yelf at Newport Isle of Wight 1816-1966.	Newport: Yelf Bros., 1967.	NULL	Yelf brothers	Hampshire	117
162	Wiles, R. M.	The earliest Hampshire newspaper.	NQ, 211 (1966), 219-22.	NULL	Portsmouth and Gosport Gazette, The	Hampshire	118
163	NULL	Newspaper history from 126 years ago.	Southern Daily Echo, 18 Apr 1956.	NULL	Southampton and Isle of Wight Mercury, The	Hampshire	119
164	Piper, A. Cecil.	The book trade in Winchester, 1549-1789. Extracts from the local records of the city.	Libr., 3rd ser., 7 (1916), 191-97.	NULL	NULL	Hampshire	120
165	-	The early printers and booksellers of Winchester.	Libr., 4th ser., 1 (1920), 103-10.	NULL	NULL	Hampshire	121
166	NULL	Centenary number 1823-1923.	Hampshire Advertiser, 28 Jul 1923.	NULL	Hampshire Advertiser, The	Hampshire	122
258	Taylor, H. A.	Notices of printing presses as required by the Unlawful Societies Act, 1799.	Newcastle-upon-Tyne: History of the Book Trade in the North, 1966.	NULL	NULL	Northumberland	123
259	Burman, C. Clark.	An account of the art of typography as practised in Ainwick from 1781 to 1815.	Ainwick: Ainwick and County Gazette and Steam Printing Co. Ltd., 1895.	NULL	NULL	Northumberland	124
260	Isaac, P. C. G.	The Burman Ainwick collection.	Newcastle-upon-Tyne: Newcastle University Library, 1973.	NULL	NULL	Northumberland	125
261	Hindley, Charles.	A history of the Catnach Press.	London: Charles Hindley, 1886.	NULL	Catnach, James	Northumberland	126
262	Isaac, Peter C. G.	Bewick, Catnach, and William Davison.	BC, 12 (1963), 72.	NULL	Catnach, James	Northumberland	127
263	Isaac, Peter C. G.	A tentative checklist of books printed by William Davison.	Wylam, 1963.	NULL	Davidson, William	Northumberland	128
264	NULL	William Davison of Alnwick. Pharmacist and printer.	Oxford: Clarendon Press, 1968.	NULL	Davidson, William	Northumberland	129
265	Hilson, J. Lindsay,	Berwick-upon-Tweed typography, 1753-1900.	History of the Berwickshire Naturalists' Club, 23 (1916-18), 433-55. Supplementary list. Ibid, 24 (1919- 22),239-43.	NULL	NULL	Northumberland	130
266	Anderton, B.	Notes on some of the printers and libraries of Newcastle-upon-Tyne.	BAR, 7 (1909-10), i-xii.	NULL	NULL	Northumberland	131
267	Clephan, James.	Early printing in Newcastle.	Arch.Aeliana, new ser.,7 (1876), 271-72.	NULL	NULL	Northumberland	132
268	-	Early booksellers on the Tyne.	Monthly Chronicle of North Country Lore and Legend, 1 (1887), 362-65.	NULL	NULL	Northumberland	133
269	-	More about early booksellers on Tyne.	Monthly Chronicle of North Country Lore and Legend, 1 ( 1887), 412-15.	NULL	NULL	Northumberland	134
270	Hinde, J. Hodgson.	On early printing in Newcastle.	Arcb. Aeliana, new ser., 6 (1865), 225-30.	NULL	NULL	Northumberland	135
271	Hunt, C. J., and Isaac, P. C. G.	The regulation of the book trade in Newcastle-upon- Tyne at the beginning of the nineteenth century.	Newcastle-upon-Tyne: History of the Book Trade in the North, 1976.	NULL	NULL	Northumberland	136
272	Robinson, F. J. G., and Wallis, P. J.	Newcastle book subscription lists.	Newcastle- upon-Tyne: PHIBB, 110, 1976.	NULL	NULL	Northumberland	137
273	Thomson, Frances M.	Newcastle chapbooks in Newcastle-upon-Tyne:	University Library. Newcastle-upon-Tyne: Oriel Press, 1969.	NULL	NULL	Northumberland	138
274	Welford, R.	Early Newcastle typography, 1639-1800.	Arch. Aeliana, 3rd ser., 3 (1907), 1-134.	NULL	NULL	Northumberland	139
275	Anderton, Basil.	Thomas Bewick, the Tyneside engraver.	Libr., 3rd ser., 6 (1915), 365-84; ibid., 7 (1916), 1-17.	NULL	Bewick, Thomas	Northumberland	140
276	Bain, lain.	Altere und neuere Unterschungen zu Thomas Bewick.	Marginalien, 40 (1970),43-54.	NULL	Bewick, Thomas	Northumberland	141
277	-	Bewick: a second gleaning.	BC, 21 (1972), 95-105.	NULL	Bewick, Thomas	Northumberland	142
278	Boyd, Julia.	Bewick gleanings.	Newcastle-upon-Tyne: Andrew Reid, 1886.	Note: Prints from Bewick blocks, but with a substantial introduction.	Bewick, Thomas	Northumberland	143
279	Fussell, G. E.	Country life 150 years ago: Thomas Bewick, the Northumberland Cobbett.	English Review, 63 (1937), 568-76.	NULL	Bewick, Thomas	Northumberland	144
280	Roscoe, Sydney.	 Thomas Bewick. A bibliography raisonnÃ©.	Folkestone, 1973.	NULL	Bewick, Thomas	Northumberland	145
281	Wheeler, Alwyne.	Thomas Bewick's projected History of British fishes.	In Festschrift fÃ¼r Claus Niessen. Weisbaden: Guido Pressler, 1973, 651-86.	NULL	Bewick, Thomas	Northumberland	146
282	NULL	228 years on Tyneside.	Newspaper World, 15 Apr 1939, 5, 37.	Note: See also Madden and Dixon 1310-11.	Newcastle Journal, The	Northumberland	147
283	Cropper, Percy J.	The Nottinghamshire printed chapbooks.	Nottingham, 1892.	NULL	NULL	Nottinghamshire	148
284	Walton, John.	A survey of the printing trade and related occupations in Nottingham and Nottinghamshire to 1900.	Library Association Fellowship thesis, 1968.	NULL	NULL	Nottinghamshire	149
285	Blagg, Thomas M.	Newark as a publishing town.	Newark, 1898.	NULL	NULL	Nottinghamshire	150
286	Clarke, W. J.	Early Nottingham printers and printing.	Nottingham: Thos. Forman and Sons Ltd., 1942.	NULL	NULL	Nottinghamshire	151
287	-, and Potter, W. A.	Early Nottingham printers and printing.	Nottingham, 1953.	Note: A revised edition of no. 286.	NULL	Nottinghamshire	152
288	Creswell, S. F.	Collections towards the history of printing in Nottinghamshire.	London: John Russell Smith, 1863.	Note. Despite its title, this book & about Nottingham only.	NULL	Nottinghamshire	153
289	Fraser, D.	The Nottingham press, 1800-1850.	Trans. Thoroton Soc, 67 (1963),46-66.	NULL	NULL	Nottinghamshire	154
290	Pearson, Edwin.	Banbury chapbooks.	Welwyn, 1970.	NULL	NULL	Oxfordshire	155
291	Cheney, Christopher R.	Cheney & Sons: two centuries of printing in Banbury.	Cake and Cockborse, (1967), 167-75.	NULL	Cheney, John	Oxfordshire	156
292	-	John Cheney and his descendants.	Banbury: Cheney and Sons, 1936.	Note: Anonymous	Cheney, John	Oxfordshire	157
293	NULL	1767-1967: Cheney & Sons - Banbury printers for 200 years.	BritishPrinter,80(1967), 549, 554, 579.	NULL	NULL	Oxfordshire	158
294	Gibson, Strickland.	Abstracts from the wills and testamentary documents of binders, printers and stationers of Oxford from 1493 to 1638.	London: The Bibliographical Society, 1907.	NULL	NULL	Oxfordshire	159
295	NULL	Early Oxford bindings.	London: The Bibliographical Society, 1903.	NULL	NULL	Oxfordshire	160
296	-, Rogers, D. M.	The earl of Leicester and printing at Oxford.	Bodleian Library Records, 2 (1949), 240-245.	NULL	NULL	Oxfordshire	161
299	Hudson, Derek.	Oxford publishing since 1478.	London, 1966.	NULL	NULL	Oxfordshire	162
300	Latham, H.	Oxford Bibles and printing in Oxford.	Oxford, 1888.	NULL	NULL	Oxfordshire	163
301	Madan, Falconer	A chart of Oxford printing, '1468'- 1900.	London, 1904.	NULL	NULL	Oxfordshire	164
302	-	Oxford books. 3 vols.	Oxford: Clarendon Press, 1895-1931.	NULL	NULL	Oxfordshire	165
303	-	Oxford oddments.	Libr., 4th ser., 9 (1929), 341-56.	NULL	NULL	Oxfordshire	166
304	-	The Oxford press during the Civil War.	TBS, 9 (1908), 107-10.	NULL	NULL	Oxfordshire	167
305	-	Some curiosities of the Oxford press.	Libr., 1st ser., 1 (1889), 154-60.	NULL	NULL	Oxfordshire	168
306	-	Some notes on the Oxford press, with special reference to the fluctuations in its issues.	TBS, 7 (1904), 1-3.	NULL	Dorne, John	Oxfordshire	169
307	-, and Simmons, F and J. S. G.	A chronological list of Oxford books 1681-1713.	Oxford, 1954.	Note: Edited by F and J. S. G. Simmons from Madan's notebooks	Dorne, John	Oxfordshire	170
308	Bradshaw, Henry.	A half-century of notes on the day-book of John Dorne.	Cambridge, 1886.	NULL	Dorne, John	Oxfordshire	171
307a	Duff, E. Gordon.	A bookseller's accounts, c.1510.	Libr., 2nd ser., 8 (1907), 256-66.	Note: Concerns a binding fragment which may be accounts of Dorne, or of William Howberch.	Dorne, John	Oxfordshire	172
308a	Madan, Falconer.	The day book of John Dorme.	Oxford: Oxford Historical Society, Collectanea, 1, 1885.	NULL	Dorne, John	Oxfordshire	173
309	Rushforth, Marjorie.	Two John Taylor manuscripts at Leonard Lichfield's press.	Libr., 4th ser., 11 (1931), 179-92.	NULL	Lichfield, Leonard	Oxfordshire	174
310	Parker, J. H.	Memorandum respecting the connection between the Oxford University Press and the family of Parker of Oxford.	Oxford, 1863.	NULL	Parker, Joseph	Oxfordshire	175
311	'M. A. Oxon.'.	The Parkers of Oxford.	Oxford, 1914.	NULL	Parker, Joseph	Oxfordshire	176
312	De la Mare, A. C., and Hellinga, Lotte.	The first book printed in Oxford: the Expositio Symboli of Rufinus.	TCBS, 7 (1978), 184-244.	NULL	Rood, Theodoric	Oxfordshire	177
313	Pollard, A. W.	A new Oxford book of 1517.	Libr., 2nd ser., 10 (1909), 212-13.	NULL	Scolar, John	Oxfordshire	178
314	Carter, Harry.	A history of the Oxford University Press. Vol. 1. To 1780.	Oxford: Clarendon Press, 1975.	NULL	Oxford University Press	Oxfordshire	179
315	Johnson, John, and Gibson, Strickland.	Print and privilege at Oxford to the year 1700.	Oxford: University Press, 1946.	NULL	Oxford University Press	Oxfordshire	180
316	Madan, Falconer.	The Oxford press, 1650-75. The struggle for a place in the sun.	Libr., 4th ser., 6 (1926), 113-47.	NULL	Oxford University Press	Oxfordshire	181
317	Sutcliffe, Peter.	The Oxford University Press. An informal history.	Oxford: Clarendon Press, 1978.	NULL	Oxford University Press	Oxfordshire	182
001	Allnutt, W. H.	English provincial presses 1478-1556.	Bibl., 2 (1896), 23-46, 150-80, 276-308; ibid, 3 (1897), 481-83.	NULL	NULL	General	183
002	-	Notes on printers and printing in the provincial towns of England and Wales.	Oxford: privately printed, 1878.	NULL	NULL	General	184
003	-	Notes on the introduction of printing-presses into the smaller towns of England and Wales, after 1750 to the end of the eighteenth century.	Libr., 2nd ser., 2 (1901), 242-59.	NULL	NULL	General	185
004	-	Printers and printing in the provincial towns of England and Wales.	Trans. And Proc. of the First Annual Meeting of the Libr. Ass., 1879, 101-03, 139, App. V.	NULL	NULL	General	186
005	-	Table of places in England and Wales, with their earliest specimens of typography.	Ibid., 157-64.	NULL	NULL	General	187
006	B., W. C.	Provincial bookseller.	NQ, 10th ser., 5 (1906), 141-42, 183-84, 242-43.	NULL	NULL	General	188
007	Clough, E. A.	A short-title catalogue, arranged geographically, of books printed and distributed by printers, publishers and booksellers in English provincial towns and in Scotland and Ireland up to and including the year 1700.	London: The Library Association, 1973.	Note: Based on STC and Wing. Excludes Oxford books if in Madan.	NULL	General	189
008	Cotton, Henry.	The typographical gazetteer attempted.	Oxford: Clarendon Press, 1825.	NULL	NULL	General	190
009	-	A typographical gazetter attempted. 2nd ed.	Oxford: Clarendon Press, 1831.	NULL	NULL	General	191
010	NULL	A typographical gazetteer attempted. 2nd ser.	Oxford: Clarendon Press, 1866.	NULL	NULL	General	192
011	Duff, E. Gordon.	A century of the English book trade.	London: The Bibliographical Society, 1905.	Note: Covers the period 1457-1557, including provinial printers etc.	NULL	General	193
012	-	The English provincial printers, stationers, and bookbinders to 1557.	Cambridge: Cambridge University Press, 1912.	Note: The Sandars Lectures for 1911, of which a typescript is available in the British Library and Cambrige Universtiy Library.	NULL	General	194
013	Knott, David.	Aspects of research into English provincial printing.	JPHS, 9 (1973),6-21.	NULL	NULL	General	195
014	McKerrow, R. B.	A dictionary of printers and booksellers in England, Scotland andIreland, and of foreign printers of English books 1557-1640.	London: The Bibliographical Society 1910.	Note: Index Of Places Other Than London, pp. 337-46	NULL	General	196
015	Morgan, Paul	English provincial imprints.	Libr., 5th ser., 21 (1996), 60-62	NULL	NULL	General	197
016	-	English provincial printing.	Birmingham, 1959.	NULL	NULL	General	198
017	Neuberg, Victor E.	Chapbooks. 2nd ed.	London: The Woburn Press, 1972.	Note: Includes pp. 55-64, an incomplete but useful list of provincial chapbook publishers	NULL	General	199
018	Plomer, Henry R	A dictionary of the booksellers and printers who were at work in England, Scotland and Ireland from 1641 to 1667.	London: The Bibliographical Society, 1907.	Note: No index of provincial names.	NULL	General	200
019	-	A dictionary of the printers and booksellers who were at work in England,Scotland and Ireland from 1668 to 1725.	London: The Bibliographical Society, 1922.	Note: Index Of Places Other Than London, pp.329-42	NULL	General	201
020	Bushnell, G. H., and Dix, E. R. McN.	A dictionary of the printers and booksellers who were at work in England Scotland and Ireland from 1726-1775.	London: The Bibliographical Society, 1932.	Note: Index Of Places In England And Wales Other Than London, pp. 411-2 1.	NULL	General	202
021	Pollard, H.Graham.	The English miarket for prrinted books.	Publishing History, 4(1978), 7-48.	Note: The Sandars Lectures for 1959, published posthumously. Includes important material on the provincial trade.	NULL	General	203
022	(ed.). John Pendred.	The earliest directory of the book trade.	London: The Bibliographical Society, 1955.	NULL	NULL	General	204
023	-	The provincial book trade.	RBGN, 10 (Nov. 1977), 9-12.	Note: Brief reports of papers by Paul Morgan, Peter Freshwater, and John Feather	NULL	General	205
024	Todd, William B., and Wallis, Peter J.	Provincial booksellers c. 1744: the Harleian Miscellany subscription list.	Libr., 5th ser., 29 (1974), 422-40.	NULL	NULL	General	206
025	Wakeman, Geoffrey, and Bridson, Gavin D. R.	A guide to nineteenth-century colour printers.	Loughborough: The Plough Press, 1975.	NULL	NULL	General	207
026	Wallis, Peter J.	An eighteenth-century book trade index based on 'Newtoniana' and book subscription lists.	Newcastle-upon-Tyne: PHIBB, 140, 1977.	Note: This is one of several relevany publications issued by PHIBB; local studies are listed at the appropriate points in section2. For this project, which has important implicatons for provincial book trade studies, see P. J. Wallis, Book subscriptions. Progress and plans. Newcastle-upon-Tyne: PHIBB, 196, 1979. For further details contact P. J. Wallis, PHIBB, School of Education, University of Newcastle-upton-Tyne, St. Thomas's Street, Newcastle-upon-Tyne NE1 7RU.	NULL	General	208
027	Berkeley, R.	A sketch of early provincial journalism.	Associated Arch. Socs. Reports and Papers, 25 (1898), 550-73.	NULL	NULL	Newspapers	209
028	Cranfield, G. A.	The development of the provincial newspaper 1700-60.	Oxford: Clarendon Press, 1962.	NULL	NULL	Newspapers	210
029	NULL	A handlist of English provincial newspapers and periodicals, 1700-60.	Cambridge: CBS, monograph, 2, 1952.	NULL	NULL	Newspapers	211
030	NULL	A handlist of English provincial newspapers and periodicals, 1700-1760. Additions and corrections.	TCBS, 2 (1956), 269-74.	NULL	NULL	Newspapers	212
031	Greenwood, Jeremy.	Newspapers and the Post Office.	Reigate: Postal History Society, 1971.	Note: This is the best specific account of provincial distdbution of London newspapers by the Post Office, but for general history, see Howard Robinson, The British Post Office. Princeton, N.J.: Princeton University Press, 1948.	NULL	Newspapers	213
032	O'Rourke, D. T.	Early provincial newspapers in Reading University Library.	TCBS, 4 (1966), 256.	NULL	NULL	Newspapers	214
033	Wiles, R. M.	Freshest advices. Early provincial newspapers in England and Wales.	Ohio State University Press, 1965.	NULL	NULL	Newspapers	215
034	NULL	Further additions and corrections to G. A. Cranfield's Handlist.	TCBS, 2 (1958), 385-89.	NULL	NULL	Newspapers	216
035	Conisbee, L. R.	A Bedfordshire bibliography.	Luton, 1962.	NULL	NULL	Bedfordshire	217
036	Janes, A. W.	The Bedfordshire Times.	Bedford, 1969.	NULL	Bedford Times, The	Bedfordshire	218
037	Burton, K. G.	The early newspaper press in Berkshire.	Reading University M.A. thesis, 1954.	NULL	NULL	Berkshire	219
038	Harcourt, L V.	An Eton bibliography.	London: Arthur L. Humphreys, 1907.	Note: A much revised edition of a work first published in 1898. Includes books printed at Eton as well as Etoniana, but the author 'intentionally omitted all School Text-books'.	NULL	Berkshire	220
039	Nixon, H. M.	An Eton binding by Roger Payne, 1764.	BC, 12 (1962), 194.	NULL	Payne, Roger	Berkshire	221
040	Austen-Leigh, R. A.	Joseph Pote of Eton and Bartlet's Farriery. Libr.	4th ser., 17 (1936-37),131-54.	NULL	Pote, Joseph	Berkshire	222
041	NULL	Reading printing 1736-1962. An exhibition.	Reading: Reading University Library, 1962.	NULL	NULL	Berkshire	223
042	Roscoe, S.	John Newbery and his successors.	Wormley: Five Owls Press, 1973.	Note: Newbery started in Reading but subsequently moved to London. 	Newbury, John	Berkshire	224
043	NULL	Bicentenary historical supplement.	Reading Mercury, 7 Jul 1923.	Note: See also Madden and Dixon 1467-68.	Reading Mercury, The	Berkshire	225
167	NULL	190 years of history.	Hampshire Chronicle, 12 May 1962, p.7.	Note: See also Madden and Dixon, 1074- 76	Hampshire Chronicle, The	Hampshire	226
168	Freshwater, P. B. and others, ed.	Working papers for an historical directory of the West Midlands book trade to 1850.	Birmingham: Birmingham Bibliographical Society, 1975-.	Note: Four parts have been published to date; these cover To 1779 (Pt. 1: 1975), 1780-89 (Pt 2:1976), 1790-99, with addenda toworking Papers 1 and 2 (Pt. 3, 1977), and l800-l809 (Pt. 4: 1978). This project is in active progress. For details, contact Nesta Jenkins, Birmingham Bibliograpbical Society, Main Library, University of  Birmingham, Birmingham B15 2TT.	NULL	Herefordshire	227
169	Morgan, F. C.	Herefordshire printers and booksellers.	Trans. Woolhope Naturalists' Field Club, (1939-41), 106-27. Supplementary Notes, Ibid., 40 (1971), 274-75; and 41 (1974),230-38.	NULL	NULL	Herefordshire	228
170	Morgan, F. C.	William Henry Parker's type specimens.	Trans. Woolhope Naturalists' Field Club, 40 (1972), 390.	NULL	Parker, William Henry	Herefordshire	229
171	Morgan, F. C.	A Hereford booksellers' catalogue of 1695.	Trans. Woothope Naturalists' Field Club, 31 (1942), 22-36.	NULL	Williams, Roger	Herefordshire	230
172	Thwaite, M. F.	Hertfordshire newspapers, 1772-1955.	Hertford: Hertfordshire Local History Council, 1956.	NULL	NULL	Hertfordshire	231
173	Moran, James.	Stephen Austin's of Hertford.	Hertford: Stephen Austin and Sons Ltd., 1968.	NULL	Austin, Stephen	Hertfordshire	232
174	NULL	150th anniversary supplement.	Hertfordshire Mercury, 28 Oct 1922.	NULL	Hartford Mercury, The	Hertfordshire	233
175	Blades, William.	Some account of the typography of St Albans in the fifteenth century. 1860. Reprinted with an introduction by Eric Vickers.	London, 1976.	NULL	NULL	Hertfordshire	234
176	Ashdown, C. H.	The schoolmaster printer of St Albans.	Trans. St Albans and Hertfordshire Architectural and Arch. Soc., (1924), 76-79.	NULL	NULL	Hertfordshire	235
177	Barker, Nicolas.	The St. Albans press: the first punch-cutter in England, and the first native typefounder?	TCBS, 7 (1979), 257-79.	NULL	NULL	Hertfordshire	236
178	Moran, James.	The book of St Albans.	Coat of Arms, 8 (1964-65), 48-53.	NULL	NULL	Hertfordshire	237
179	Toms, Elsie.	The 'schoolmaster printer'.	Black Art, 3 (1964), 19.	NULL	NULL	Hertfordshire	238
180	Norris, Herbert E.	Notes on St Neot's printers.	St Neots: St Neots Advertiser, 1901.	NULL	NULL	Huntingdonshire	239
181	Crouch, Marcus, ed.	A book of Kent made by the printers of Kent.	Tenterden: Paul Norbury Publications, 1976.	NULL	NULL	Kent	240
182	Plomer, H. R.	The libraries and bookshops of Canterbury.	BAR 14 (1917), i-vii.	NULL	NULL	Kent	241
183	Plomer, H. R.	James Abree, printer and bookseller, of Canterbury.	Libr., 3rd ser., 4 (1913),46-56.	NULL	Abree, James	Kent	242
184	NULL	250th anniversary pictorial souvenir 1717-1967.	Kentish Gazette, 20 Oct 1967.	Note: See also Madden and Dixon, 1147-49.	Kentish Gazette, The	Kent	243
185	Cock, William F.	The Kentish Post or The Canterbury Newsletter.	Libr., 3rd ser., 4 (1913), 285-90.	NULL	Kentish Post, The	Kent	244
185A	Zell, Michael L.	An early press in Canterbury?	Libr., 5th ser., 32 (1977), 155-56.	NULL	Mychell, John	Kent	245
185B	Hobbs, J. E.	An early press in Canterbury.	Libr., 5th ser., 33 (1978), 172.	NULL	Mychell, John	Kent	246
186	Arnold, George M.	Robert Pocock, the Gravesend historian, naturalist, antiquarian, botanist, and printer.	London: Samson, Low, 1883.	NULL	Pocock, Robert	Kent	247
187	NULL	150th anniversary number.	Kent Messenger Gazette, 5 Jan 1965.	Note: See also Madden and Dixon 1227	Maidstone Gazette, The	Kent	248
188	Moran, James.	Henry George. Printer, bookseller, stationer and bookbinder, Westerham, 1830-c.1846.	Westerham, 1972.	NULL	George, Henry	Kent	249
189	NULL	Centenary issue.	Kentish Observer, 7 Jul 1932.	NULL	Kentish Observet, The	Kent	250
190	Hawkes, A. J.	Lancashire printed books. A bibliography of all the books printed in Lancashire down to the year 1800.	Wigan: Wigan Public Libraries Committee, 1925.	NULL	NULL	Lancashire	251
191	NULL	Lancashire Bibliography.	In Earwaker, J.P. Local gleanings related to Lancashire and Cheshire, vol. I (Manchester, 1875), Â§ 49,65,75,77,81,88,98-99,107,113,115,131-32,137, 153-54, 214-15, 254-55, 407.	NULL	NULL	Lancashire	252
192	Hawkes, Arthur J.	The Birchley Hall secret press.	Libr., 4th ser., 7 (1927), 137-83.	NULL	NULL	Lancashire	253
193	Newdigate, C. A.	Birchley - or St Omers?	Libr., 4th ser., 7 (1927), 303-20.	NULL	NULL	Lancashire	254
194	Scholes, James C.	Bolton bibliography, and jottings of booklore: with notes on local authors and printers.	Manchester: Henry Gray, 1886.	NULL	NULL	Lancashire	255
195	Sparke, Archibald.	Bibliographia Boltonensis.	Manchester: Manchester University Press, 1913.	NULL	NULL	Lancashire	256
196	-	Bolton authors and Bolton books.	BAR, 12 (1915), xxxix-xliv.	NULL	NULL	Lancashire	257
197	Singleton, Frank.	Tillotsons 1850-1950.	Bolton: Tillotson & Son Ltd., 1950.	NULL	Tillotsons	Lancashire	258
198	NULL	Centenary supplement 1837-1937.	Lancaster Guardian, 29 Jan 1937.	NULL	Lancaster Guardian, The	Lancashire	259
199	Arkle, A. H.	EarIy Liverpool printers.	Trans. Historic Soc. of Lancashire and Cheshire, 68 (1917), 73-84.	NULL	NULL	Lancashire	260
200	Clarke, D.	The local newspaper press and local politics in Manchester and Liverpool 1760-1800.	Trans. Lancashire and Cheshire Antiq. Soc., 73/74 (1966), 101-23.	NULL	NULL	Lancashire	261
201	Dawson, Thomas.	The pamphlet literature of Liverpool.	Lancashire and Cheshire Historic Soc., new ser., 5 (1865), 73-138.	NULL	Dawson, Thomas	Lancashire	262
202	May, S. William.	Literature and libraries in Liverpool.	BAR, 6 (1908-.09), xlix-lii.	NULL	NULL	Lancashire	263
203	Mott, J. Albert.	On books published in I.iverpool.	Trans. Historic Soc. of Lancashire and Cheshire, new ser., 1 (1861), 103-66.	NULL	NULL	Lancashire	264
330	Rotherham, Albert, and Steele, Maurice.	A history of printing in North Staffordshire.	Stoke-on-Trent: North Staffordshire Polytechnic, 1975.	NULL	NULL	Staffordshire	265
331	Simms, R.	Bibliotheca Staffordiensis.	Lichfield, 1894.	NULL	NULL	Staffordshire	266
332	Reade, Aleyn Lyell.	Johnsonian gleanings. 11pt.	London: The Author, 1909-52.	Notes: Pt. 8, 161-62; Pt. 9, 93-94.	Bailye, William	Staffordshire	267
333	Reade, Aleyn Lyell.	Johnsonian gleanings. 11 pt.	London: The Author, 1909-52.	Notes: The more important references to Johnson's trade activities are: Pt. 1, 2, 18, 25-27; Pt. 3, 1-50, 164-81; Pt. 4,2-38,201-03; Pt. 8,26-57; Pt. 10, 1-32,161-69,182-83,191-92,195-96. For a full list of references in Pt. 1-10, see Pt. 11, 273.	NULL	Staffordshire	268
334	Whiston, J. W.	Some letters and accounts of Michael Johnson.	Trans. Johnson Soc., (1974), 31-51.	NULL	NULL	Staffordshire	269
335	Lawley, George T.	The bibliography of Wolverhampton.	Bilston, 1890.	NULL	Johnson, Michael	Staffordshire	270
336	Mander, Gerald Poynter.	Early Wolverhampton books and printers.	Wolverhampton:Whitehead Brothers, 1922.	NULL	Johnson, Michael	Staffordshire	271
337	Moran, James	Clays of Bungay.	Bungay: Richard Clay & Sons Ltd., 1978. Ipswich	NULL	Clay, Richard, and co.,	Suffolk	272
338	Watson, S. F.	Some materials for a history of printing and publishing in Ipswich	Proc. Suffolk Inst. of Arch. and Natural History, 24 (1949), 182-227.	NULL	NULL	Suffolk	273
339	Oldham, J. B.	An Ipswich master-stationer's tiff with his journeyman.	TCBS, 2 (1958), 381-84.	NULL	Craighton, William	Suffolk	274
340	Beck, F. G. M.	A new Ipswich book of 1548.	Libr., 2nd ser., 10 (1949), 86-89.	NULL	Oswen, John	Suffolk	275
341	Piper, A. Cecil.	The booksellers and printers of Richmond, Surrey.	Libr., 4th ser., 13 (1933),201-07.	NULL	NULL	Surrey	276
342	Piper, A. Cecil.	Contributions to the history of printing in Sussex.	BAR, 13 (1916), i-iv.	NULL	NULL	Sussex	277
343	-	Notes on the introduction of printing into Sussex up to the year 1850; with a chronology of Sussex printers to that date.	Libr., 3rd ser., 5 (1914), 257-65.	NULL	NULL	Sussex	278
344	-	Private printing presses in Sussex.	Libr., 3rd ser., 5 (1914), 70-79.	NULL	NULL	Sussex	279
345	-	150 years ago - the first Gazette.	Brighton and Hove Gazette, 26 Feb 1971, p.7	NULL	Birghton Gazette, The	Sussex	280
346	-	150th birthday issue.	Brighton and Hove Herald, 8 Sep 1956.	NULL	Brighton Herald, The	Sussex	281
347	Godrnan, Stanley	A collection of Lewes handbills, 1768-1777.	Sussex Arch. Collections, 97 (1959), 58-68.	NULL	NULL	Sussex	282
348	-	Centenary Supplement.	Sussex Express; 11 Jun 1937.	NULL	Sussex Agricultural Express, The	Sussex	283
349	Beckett, Arthur.	The first Sussex newspaper.	Sussex County Magazine, 15 (1941), 247-54.	NULL	Sussex Weekly Advertiser, The	Sussex	284
350	Morgan, Paul.	Warwickshire printers' notices 1799-1866.	Stratford-upon-Avon: Dugdale Society, vol. 28, 1970.	NULL	NULL	Warwickshire	285
351	-	Warwickshire apprentices in the Stationers' Company of London, 1563-1700.	Stratford-upon-Avon: Dugdale Society, occasional papers, 25, 1978.	NULL	NULL	Warwickshire	286
352	Briggs, Asa.	Press and public in early nineteenth-century Birmingham.	Stratford-upon- Avon: Dugdale Society, occasional papers, 8, 1949.	NULL	NULL	Warwickshire	287
353	Hill, Joseph.	The book makers of old Birmingham.	Birmingham, 1907.	NULL	NULL	Warwickshire	288
354	Jenkins, Nesta.	Printing in Birmingham in the eighteenth century: a bibliography with biographical notes on printers.	Library Association Fellowship thesis, 1973.	NULL	NULL	Warwickshire	289
355	Jones, Trevor.	Street literature in Birmingham: a history of broadside and chapbook.	Oxford: Oxford Polytechnic, 1970.	NULL	NULL	Warwickshire	290
356	Walker, Benjamin.	Birmingham directories.	Birmingham Arch. Soc. Trans. and Proc., 58 (1937), 1-36.	NULL	NULL	Warwickshire	291
357	NULL	200 years of the Birmingham Gazette.	Birmingham Gazette, 17 Nov 1941, p. 2.	NULL	Aris's Birmingham Gazette	Warwickshire	292
358	Bennett, William.	John Baskerville, the Birmingham printer.	2 vols., Birmingham, 1937-39.	NULL	Baskerville, John	Warwickshire	293
359	Benton, Josiah Henry	John Baskerville, typefounder and printer, 1706-1775.	Boston, Mass., 1914.	NULL	Baskerville, John	Warwickshire	294
360	Bockwitz, Hans H.	Baskerville in letters.	Birmingham: Birmingham School of Printing, 1933.	NULL	Baskerville, John	Warwickshire	295
204	Shaw, George T., and Shaw, Isabella.	Liverpool's first directory.	Liverpool: Henry Young and Sons, 1907.	Note: A facsimile reprint with introduction, of Gore's Directory for 1766. George T Shaw also edited reprints of the issues for 1767, 1769, 1773, and 1774. For detail, sees Jane E. Norton, Guide to the national and provincial directories of England and Wales, excluding London, published before 1856. London: Royal Historical Society, 1950, nos. 436-40.	Gore, John	Lancashire	296
205	Wardle, Arthur C.	John Gore, publisher.	Trans. Historic Soc. of Lancashire and Cheshire, 97 (1946), 223-24.	NULL	Gore, John	Lancashire	297
206	NULL	The Liverpool Courier: retrospect and present position.	Liverpool: Liverpool Courier, 1908.	Note: See also Madden and Dixon 1191-93.	Liverpool Courier, The	Lancashire	298
207	NULL	The centenary of the Liverpool Post and Mercury: a record of the progress of Liverpool and its leading newspaper.	Liverpool: Liverpool Post and Mercury, 1911.	NULL	Liverpool Mercury, The	Lancashire	299
208	NULL	Manchester bibliography. In Earwaker, J.P. Local gleanings related to Lancashire and Cheshire, vol. 1	(Manchester, 1875), Â§ 1 15, 131, 214, 339.	NULL	NULL	Lancashire	300
209	Earwaker, J. P.	Notes on the early booksellers and stationers of Manchester prior to the year 1700.	Trans. Lancashire and Cheshire Antiq. Soc., 6 (1888), 1-26.	NULL	NULL	Lancashire	301
210	NULL	The Manchester press before 1801.	Manchester: Manchester Public Libraries, occasional lists, new ser., 6, 1931.	NULL	NULL	Lancashire	302
211	Read, Donald.	Press and people, 1790-1850: opinion in three English cities.	London: Edward Arnold, 1961.	Note: The cities are Manchester, Leeds, and Sheffield.	NULL	Lancashire	303
212	Sutton, C. W.	Manchester libraries and booksellers.	BAR, 6 (1908-09), lxv-lxxi	NULL	NULL	Lancashire	304
213	Ayerst, David.	The Guardian: biography of a newspaper.	London: Collins, 1971.	NULL	Manchester Guardian, The	Lancashire	305
214	Spencer, J. H.	Preston's early newspapers.	Preston Herald, 30 Dec 1949, 18 Aug 1950.	NULL	NULL	Lancashire	306
215	NULL	Centenary number.	Southport Visiter, 6 May 1944.	Note: See also Madden and Dixon 1548.	Southport Visiter, The	Lancashire	307
216	Twyman, Michael.	John Soulby, printer, Ulverston.	Reading: Department of Typography, Reading University, 1966.	NULL	Soulby, John	Lancashire	308
217	Rylands, W. Harry.	Booksellers and stationers in Warrington, 1639 to 1657, with a full list of a stationer's shop there in 1647.	Trans. Historic Soc. of Lancashire and Cheshire, 37 (1888), 67-115.	NULL	NULL	Lancashire	309
218	Barnes, R.	The Midland Counties Illuminator: a Leicester Chartist journal.	Trans. Leicestershire Arch. and Historical Soc., 35 (1959), 68-77.	NULL	Midland Counties Illuminator, The	Leicestershire	310
219	Corns, A. R.	Lincolnshire libraries and literature.	BAR, 7 (1909-10), xii-xiv.	NULL	NULL	Lincolnshire	311
220	Robinson, Lionel.	Boston's newspapers.	Boston: Richard Key Publications, 1974.	NULL	NULL	Lincolnshire	312
221	English, J. S.	Some Gainsborough printers.	Gainsborough, 1964.	NULL	NULL	Lincolnshire	313
222	-	Books and libraries in Gainsborough.	LAR, 70 (1968), 62-65.	NULL	NULL	Lincolnshire	314
223	NULL	One hundred years.	Lincolnshire Chronicle, (Apr 1933), 3-9.	NULL	Lincolnshire Chronicle, The	Lincolnshire	315
224	Axon, W. E. A.	The aetheist converted. The first book printed in Lincoln.	Libr., 3rd ser., 2 (1911), 319-22.	NULL	Wood, William	Lincolnshire	316
225	Goulding, Richard W.	Notes on the Louth printers and booksellers of the eighteenth century.	Louth, 1917.	NULL	NULL	Lincolnshire	317
226	NULL	Centenary number.	Lincolnshire, Boston and Spalding Free Press, 6 Oct 1947.	NULL	Spalding Free Press, The	Lincolnshire	318
227	Appleyard, S.	The Lincoln, Rutland and Stamford Mercury.	Lincolnshire Life, 5:3 (June/July 1965), 56-57, 81.	NULL	Lincoln, Rutland, and Stamford Mercury, The	Lincolnshire	319
228	Burton, G. H.	Notes on newspapers.	Lincoln, Rutland and Stamford Mercury, 20 Mar 1914.	NULL	Lincoln, Rutland, and Stamford Mercury, The	Lincolnshire	320
229	Evans, F. H.	Brief sketch of the career of the Lincoln, Rutland and Stamford Mercury.	Stamford: Lincoln, Rutland and Stamford Mercury, 1938.	NULL	Lincoln, Rutland, and Stamford Mercury, The	Lincolnshire	321
230	Newton, D.	Mercury story: a brief record of the Lincoln, Rutland and Stamford Mercury.	Stamford: Lincoln, Rutland and Stamford Mercury, 1962.	Note: See also Madden and Dixon 1185.	Lincoln, Rutland, and Stamford Mercury, The	Lincolnshire	322
231	Fawcett, Trevor.	Eighteenth-century Norfolk booksellers. A survey and register.	TCBS, 6 (1972), 1-18.	NULL	NULL	Norfolk	323
232	-	Some aspects of the Norfolk book trade, 1800-24.	TCBS, 4 (1968), 383-95.	NULL	NULL	Norfolk	324
233	Stedman, Rex.	Vox populi: the Norfolk newspaper press 1760-1900.	Library Association Fellowship thesis, 1971.	NULL	NULL	Norfolk	325
361	-	Baskerville in the judgment of German contemporaries.	Birmingham: Birmingham School of Printing, 1937.	NULL	Baskerville, John	Warwickshire	326
362	Dreyfus, John.	The survival of Baskerville's punches.	Cambridge: Cambridge University Press, 1949.	NULL	Baskerville, John	Warwickshire	327
363	Flower, R.	The fate of the Baskerville types.	Libr., 2nd ser., 10 (1909), 251-52.	NULL	Baskerville, John	Warwickshire	328
364	Gaskell, Philip	Baskerville's punches.	Cambridge, 1953.	NULL	Baskerville, John	Warwickshire	329
365	-	John Baskerville, a bibliography.	2nd ed., Newport Pagnell: Paul Minet, 1973.	NULL	Baskerville, John	Warwickshire	330
366	McKelvey, James L.	John Baskerville's appeal to Lord Bute.	TCBS, 5 (1970), 138-41.	NULL	Baskerville, John	Warwickshire	331
367	Pardoe, F. E.	John Baskerville of Birmingham.	London: Frederick Muller, 1975.	NULL	Baskerville, John	Warwickshire	332
368	Walker, Benjamin.	The resting place of John Baskerville.	Birmingham, 1944.	NULL	Baskerville, John	Warwickshire	333
369	Hutton, William.	The life of William Hutton.	London, 1816.	NULL	Hutton, William	Warwickshire	334
370	Redlich, Fritz.	Some English stationers of the seventeenth and eighteenth centuries: in the light of their autobiographies.	Business History, 8 (1966), 1-12, 86-101.	NULL	Hutton, William	Warwickshire	335
371	Wilson, Edward M.	Three printed ballad texts from Birmingham.	TCBS, 6 (1976), 339-45.	NULL	Wood, Thomas	Warwickshire	336
372	-	Bicentenary number.	Coventry Standard, 19 Jul 1941.	Note: See also Madden and Dixon 859.	Coventry Mercury, The	Warwickshire	337
373	-	Centenary supplement 1828-1928.	Royal Leamington Spa Courier, 10 Aug 1928.	NULL	Leamington Spa Courier, The	Warwickshire	338
374	Morgan, Paul.	Early booksellers, printers, and publishers in Stratford-upon-Avon.	Birmingham Arch. Soc. Trans., 67 (1948-49), 55-70.	NULL	NULL	Warwickshire	339
375	Morgan, Paul.	The earliest Stratford-upon-Avon newspaper.	NQ, 195 (1950), 52.	NULL	Sratford, Shipston, and Aulcester Advertiser, The	Warwickshire	340
376	Morgan, Paul.	George Tonge: a seventeenth century Warwick bookseller.	NQ, 198 (1953),340.	NULL	Tonge, George	Warwickshire	341
377	-	150th anniversary supplement.	Warwick and Warwickshire Advertiser, 6 Jan 1956.	Note: See also Madden and Dixon 1678.	Warwick and Warwickshire Advertiser, The	Warwickshire	342
378	James, D. P.	Booksellers, printers, stationers, etc. Westmorland to 1865.	Newcastle-upon-Tyne: History of the Book Trade in the North, 1966.	NULL	NULL	Westmorland	343
379	-	150th anniversary number.	NULL	Westmorland Gazette, 24 May 1968.	Westmorland Gazette and Kendal Advertiser, The	Westmorland	344
380	Richardson, Mrs. Herbert.	Wiltshire newspapers - past and present.	The Wiltshire Arch. And Natural History Soc. Magazine, 40(1917-19), 318-51; ibid, 41(1920-22),53-69.	NULL	NULL	Wiltshire	345
381	Slade, J. J.	Wiltshire newspapers - past and present.	The Wiltshire Arch. And Natural History Soc. Magazine, 40 (1917-19), 37-74, 129-41.	NULL	NULL	Wiltshire	346
382	-	Bicentenary supplement 1729-1929.	Salisbury and Wiltshire Journal, 7 Jun 1929.	Note: See also Madden and Dixon 1494-95, 1497	Salisbury Journal, The	Wiltshire	347
383	Burton, J. R.	Early Worcestershire printers and books.	Associated Arch. Soc. Reports and Papers, 24 (1897), 197-213.	NULL	NULL	Worcestershire	348
384	Forster, Harold.	Rhymes of a provincial bookseller.	ABMR 5 (1978), 2-7.	NULL	Crane, John	Worcestershire	349
385	Haden, H. Jack.	The story of Mark and Moody Limited 1840-1957.	Stourbridge: Mark and Moody, 1957.	NULL	Mark and Moody	Worcestershire	350
386	Griffiths, lvor.	Berrow's Worcester Joumal. An examination of the antiquity of Britain's oldest newspaper.	Worcester: George and William Berrows Ltd., 1941.	Note: This is part of a controversy on the age of this newspaper, and usefully summarises the arguments. See also Madden and Dixon 674-75, 677; and New Cambridge bibliography of English Literature, vol. 2, 1368.	Berrow's Worcester Journal	Worcestershire	351
387	Evans, Ian A.	Yorkshire newspapers and periodicals in the eighteenth century: a descriptive bibliography.	Leeds University M.A. thesis, 1975.	NULL	NULL	Yorkshire	352
388	Green, T.	A sketch of the origin and growth of the printing craft in Yorkshire.	Birmingham, 1936.	NULL	NULL	Yorkshire	353
389	Laughton, G. E., and Stephen, L. R.	Yorkshire newspapers.	London, 1960.	NULL	NULL	Yorkshire	354
390	Michelmore, D. J. H., Robinson, F. J. G., and Wallis, P. J.	A preliminary guide to Yorkshire book subscription lists.	Newcastle-upon-Tyne: PHIBB, 40, 1973.	NULL	NULL	Yorkshire	355
391	Swaini, Elizabeth A.	The auction as a means of book distribution in eighteenth-century Yorkshire.	Publishing History, 1 (1977), 49-91.	NULL	NULL	Yorkshire	356
392	Sayle, Charles.	Cambridge fragments.	Libr., 3rd ser., 2 (1911),339-55; and Postscript. Ibid, 3 (1912), 336-39.	NULL	Goes, Hugo	Yorkshire	357
393	Dickons, J. Norton.	A catalogue of books, pamphlets, &c., published at Bradford.	Bradford, 1895.	NULL	NULL	Yorkshire	358
394	Hartley, M. E.	The literary institutions of Bradford, with notes on the early printers, booksellers and newspaper press.	BAR, 14 (1917), xv-xxiii.	NULL	NULL	Yorkshire	359
395	NULL	120 years of progress: the Yorkshire Observer's long service to the Community.	Yorkshire Observer, 6 Feb 1954.	NULL	Bradford Observer, The	Yorkshire	360
396	Brown, Christine.	A history of the book trade in Doncaster up to l850.	Leeds University M.A. thesis, 1978.	NULL	NULL	Yorkshire	361
397	Turner, J. Horsfall.	Halifax books and authors.	Brighouse, 1906.	NULL	NULL	Yorkshire	362
398	Hanson, T.	W. Edwards of Halifax: a family of book-sellers, collectors, and bookbinders.	Papers of the Halifax Antiq. Soc., (1912), 141-200.	NULL	Edwards, William	Yorkshire	363
399	Nixon, H. M.	A signed Edwards of Halifax binding, c.1782.	BC, 21 (1972), 256-57.	NULL	Edwards, William	Yorkshire	364
400	NULL	Centenary number.	Harrogate Advertiser, 19 Sep 1936.	NULL	Harrogate Advertiser, The	Yorkshire	365
401	NULL	Centenary number.	Harrogate Herald, 7 May 1947.	NULL	Harrogate Herald, The	Yorkshire	366
402	Page, W. G. B.	Notes on early Hull authors, booksellers, printers and stationers.	Hull, 1930.	NULL	NULL	Yorkshire	367
403	-	Notes on Hull authors, booksellers, printers, and stationers.	BAR, 6 (1908-09), i-vii.	NULL	NULL	Yorkshire	368
404	Chilton, C. W.	The inventory of a provincial bookseller's stock of 1644.	Libr., 6th ser., 1 (1979),126-43.	NULL	Awdeley, John	Yorkshire	369
405	Hand, Thomas W.	Leeds booksellers, printers, and libraries.	BAR, 8 (1910-1 1), xxxiii-xxxix.	NULL	NULL	Yorkshire	370
406	Parr, E.	Early Leeds printers, publishers and booksellers.	Leeds University M. Phil thesis, 1973.	NULL	NULL	Yorkshire	371
407	Barnes, Avril J.	The bookselling and printing business of John Binns and his successor John Heaton.	Leeds University M.A. thesis, 1977.	NULL	Binns, John	Yorkshire	372
408	Crouch, Jane L.	Some chapbooks printed by J. & C. H. Johnson of Leeds: a study.	Leeds University M.A. thesis, 1976.	NULL	Johnson, J. and C.H.	Yorkshire	373
409	NULL	The Leeds intelligencer 1754-1866.	Publ. Thoresby Soc., 40 (1955), i-ix.	Note: See also Madden and Dixon 1167.	Leeds intelligencer, The	Yorkshire	374
410	NULL	A champion of reform.	Newspaper World, 27 May 1939, 5, 12.	Note: See also Madden and Dixon 1169- 70.	Leeds Mercury, The	Yorkshire	375
411	Gibb, M.A., and Beckwith, Frank.	The Yorkshire Post: two centuries.	Leeds:Yorkshire Conservative Newspaper Co. Ltd., 1954.	NULL	Yorkshire Post, The	Yorkshire	376
412	S., J. G.	Joseph Richardson.	Binley, 1901.	NULL	Richardson, Joseph	Yorkshire	377
413	Gilberthorpe, Enid C.	Book printing at Sheffield in the eighteenth century.	Sheffield, 1967.	NULL	NULL	Yorkshire	378
414	-	Books and pamphlets printed at Sheffield before 1801: a checklist.	Library Association Fellowship thesis, 1967.	NULL	NULL	Yorkshire	379
415	Harvey, P., and Roberts, P.	The Sheffield Independent and Commercial Register.	Morning Telegraph, 11 Dec 1969.	Note: See also Madden and Dixon 1526.	Sheffield Independent, The	Yorkshire	380
416	Hester, Giles.	Nevill Simmons. Bookseller and publisher.	London: Elliot Stock, 1893.	NULL	Simmins, Nevill	Yorkshire	381
417	Smales, Gideon.	Whitby authors and their publications, with the titles of all the books printed in Whitby.	Whitby: Horne & Son, 1867.	NULL	NULL	Yorkshire	382
418	Cooper, T. P.	The city of York: some of its literary associations, printers, booksellers, and authors.	BAR, 10 (1912-13), xii-xiix.	NULL	NULL	Yorkshire	383
419	-	The sign of the Bible in Stonegate.	York: Yorkshire Architectural Society, 1929.	NULL	NULL	Yorkshire	384
420	-	The sign of the crown.	York: Edwin Story, 1925.	NULL	NULL	Yorkshire	385
421	Davies, Robert.	A memoir of the York press.	Westminster: Nichols and Sons, 1868.	NULL	NULL	Yorkshire	386
422	Duff, E. Gordon.	The printers, stationers and bookbinders of York up to 1600.	TBS, 5 (1899), 87-107.	NULL	NULL	Yorkshire	387
423	Sessions, William K., and Sessions, E. Margaret.	Printing in York from the 1490s to the present day.	York: Sessions, 1976.	NULL	NULL	Yorkshire	388
424	Gent, Thomas.	The life of Mr. Thomas Gent.	London, 1832.	NULL	Gent, Thomas	Yorkshire	389
425	Wood, Butler.	Thomas Gent: printer, bookseller and bookmaker.	London: The Library Association, 1900.	NULL	Gent, Thomas	Yorkshire	390
426	Duff, E. Gordon.	Notes on a book printed at York in 1579.	Publ. Edinburgh Bibliographical Soc., 3 (1897), 133-36.	NULL	Marchant, John	Yorkshire	391
427	Palliser, D. M., and Selwyn, D. G.	The stock of a York stationer, 1538.	Libr., 5th ser., 27 (1972), 207-19.	NULL	Mores, Neville	Yorkshire	392
428	Sessions, William, Ltd.	The story of a printing house.	York: William Sessions, 1965.	NULL	Sessions, William	Yorkshire	393
429	Curtis, Lewis Perry.	The first printer of Tristram Shandy.	Publ. Modern Language Assoc., 47 (1932), 777-89.	NULL	Ward, Ann	Yorkshire	394
234	Stephen, George A.	Norfolk bibliography.	Holt: Norfolk Press Syndicate. 1921.	Note: A monograph, not a bibliography.	NULL	Norfolk	395
235	Watson, Sydney F.	Early print in East Anglia.	Eastbourne, 1951.	NULL	NULL	Norfolk	396
236	Farrell, Frank J.	Yarmouth printers and printing.	Yarmouth: Privately Printed, 1912.	NULL	NULL	Norfolk	397
237	NULL	Centenary number.	Lynn Advertiser, 28 Feb 1941.	NULL	Lynn Advertiser, The	Norfolk	398
238	Euren, A. D.	Books and bookmen of Norwich.	BAR, 10 (1912-13), xxi-xxix.	NULL	NULL	Norfolk	399
239	Fawcett, Trevor.	Early Norwich newspapers.	NQ, 217 (1972), 363-64.	NULL	NULL	Norfolk	400
240	Fowler, E.	Norwich newspapers and their editors.	East Anglian Magazine, (1963), 180-85.	NULL	NULL	Norfolk	401
241	Nowell, Charles.	Early printing in Norwich.	Norwich, 1919.	NULL	NULL	Norfolk	402
242	Stoker, David.	The establishment of printing in Norwich: causes and effects 1660- 1760.	TCBS, 7 (1977), 94-111.	NULL	NULL	Norfolk	403
243	-	A history of the Norwich book trades from 1560 to 1760.	Library Association Fellowship thesis, 1976.	NULL	NULL	Norfolk	404
244	Williams, J. B.	Henry Cross-grove, Jacobite, journalist and printer.	Libr., 3rd ser., 5 (1914),206-19.	NULL	Crossgrove, Henry	Norfolk	405
245	NULL	History of Jarrold and Sons 1823-1948.	Norwich: Jarrold and Sons, 1948.	NULL	Jarrold and sons	Norfolk	406
246	NULL	The house of Jarrolds. 1823-1923.	Norwich: Jarrold and Sons, 1924.	NULL	Jarrold and sons	Norfolk	407
247	NULL	Jarrold 1770-1970. A book of East Anglian prints and documents.	Norwich: Jarrold and Sons, 1970.	NULL	Jarrold and sons	Norfolk	408
248	NULL	Jarrolds of Norwich.	Printing World, 185 (1970), 583-39, 551.	NULL	Jarrold and sons	Norfolk	409
249	NULL	Centenary number 1845-1945.	Norfolk News, 6 Jan 1945.	Note: See also Madden and Dixon 1327	Norfolk News, The	Norfolk	410
250	Euren, A. D.	The first provincial newspaper.	Norwich, 1924.	NULL	Norwich Post, The	Norfolk	411
251	NULL	The Norwich Post: its contemporaries and successors.	Norwich: Norfolk News Co. Ltd., 1951.	NULL	Norwich Post, The	Norfolk	412
252	Brown, Reginald W.	Northamptonshire printing, printers and booksellers.	BAR, 14 (1917), xxix-xxxvi.	NULL	NULL	Northamptonshire	413
253	-	Northamptonshire printing, printers, and booksellers.	J. Northamptonshire Natural History Soc. and Field Club, 19 (1918), 183-91; 20 (1919), 20-56.	NULL	NULL	Northamptonshire	414
254	Kennedy, Joseph C.	An introduction to the history of printing & associated trades in Northamptonshire.	Northampton: Northamptonshire Caxton Quincentenary Committee, 1976.	NULL	NULL	Northamptonshire	415
255	Hadley, W. W.	The bi-centenary record of the Northampton Mercury 1720-1920.	Northampton: The Mercury Press, 1920.	NULL	Northampton Mercury, The	Northamptonshire	416
256	NULL	History of the Northampton Mercury.	Northampton: Northampton Mercury, extra number 10, 1901.	Note: See also Madden and Dixon 1340-42, 1344-45.	Northampton Mercury, The	Northamptonshire	417
257	NULL	John Taylor, book lover and printer.	Northampton: Taylor and Sons, 1901.	NULL	Taylor, John	Northamptonshire	418
318	NULL	A view of the Oxford University Press.	BC, 20 (1971), 447-64.	NULL	Oxford University Press	Oxfordshire	419
319	Lloyd, Llewellyn C.	The book trade in Shropshire. Some account of the stationers, booksellers and printers at work in the county to about 1800.	Trans. Shropshire Arcb. Soc., 48 (1934-35), 65-142, 145-200.	NULL	NULL	Shropshire	420
320	Wallis, P. J., and Robinson, F. J. G.	A preliminary guide to West Midlands book subscription lists.	Newcastle-upon-Tyne: PHIBB, 64, 1974.	NULL	NULL	Shropshire	421
321	Alinutt, W. H.	The King's Printer at Shrewsbury, 1642-43.	Libr., 2nd ser., 1 (1900), 355-64.	NULL	Barker, Robert	Shropshire	422
322	NULL	175th birthday of the Shrewsbury Chronicle.	Shrewsbury, 1947.	Note: An exhibition catalogue. See also Madden and Dixon 1531-32.	Shrewsbury Chronicle, The	Shropshire	423
323	Rodger, Alexander.	Ward's Shrewsbury stock: an inventory of 1585.	Libr., 5th ser., 13 (1958),247-68.	NULL	Ward, Roger	Shropshire	424
324	Green, Emanuel.	Bibliotheca Somersetensis. 3 vols.	Taunton, 1902.	NULL	NULL	Somerset	425
325	Brooke, L. E. J.	Somerset newspapers 1725-1960.	Yeovil: The Author, 1960.	NULL	NULL	Somerset	426
326	Russ, Elsie.	Bath printers of the xviii century.	Somerset Arch. And Natural History Soc.; Proc. Batb and District Branch, (1929-33), 468-71.	NULL	NULL	Somerset	427
327	NULL	History of the Bath Herald, established 1792.	Bath, 1875.	NULL	Bath Herald, The	Somerset	428
328	Rhode, John	A hundred years of printing l795-1895	Frome: Butler and Tanner, 1927.	NULL	Butler and Tanner	Somerset	429
329	NULL	Centenary supplement 1836-1936.	Somerset County Gazette, 2 Jan 1937.	Note: See also Madden and Dixon 1539.	Somerset County Gazette, The	Somerset	430
006A	Bell, Bill	'Pioneers of Literature': The commercial Traveller in the Early Nineteenth Century	The Reach of Print, 121-134	NULL	NULL	General	431
006B	Bell, Maureen	Sturdy Rogues and Vagabonds: Restoration Control of Pedlars and Hawkers	The Mighty Engine, 89-96	NULL	NULL	General	432
012A	English, J.	John Oswald of London	Quadrat, 9 (1959), 13-15	NULL	NULL	General	433
012B	Feather, John	The Provincial Book Trade in 18th century England	Cambridge: CUP, 1985	NULL	NULL	General	434
012C	Feather, John	Country book trade apprentices 1710-1760	Publishing history, 6 (1980), 85-99	NULL	NULL	General	435
012D	Hounslow, David	A Moving Market: The Influence of London Books of Street Cries on Provincial Editions to c1830	The Moving Market, 39-50	NULL	NULL	General	436
012E	Hunter, Lynette	Cookery books and provincial printing in the north of England	19th century S.T.C. newsletter, 6 (1989), 3-11	NULL	NULL	General	437
012F	Isaac, Peter	Charles Elliott and the Provincial Book Trade	The Human Face of the Book Trade, 97-116	NULL	NULL	General	438
012G	Johnson, C.R.	Provincial poetry 1789-1839:  British verse printed in the provinces.	London: Jed Press, 1992.	NULL	NULL	General	439
013A	McKay, Barry	John Atkinson's 'Lottery' book of 1809: John Locke's Theory of Education Comes to Workington	The Moving Market, 127-144	NULL	NULL	General	440
014A	Mitchell, C.J.	Provincial printing in 18th century England	Publishing history, 21 (1987), 15-24	statistics, chronologue based on ESTC	NULL	General	441
015A	Morgan, Paul	Henry Cotton and W.H. Allnutt: two pioneer book-trade historians	The Human Face of the Book Trade, 1-12	NULL	NULL	General	442
023A	Robinson, F.J.G. & J.M., and C. Wadham	Eighteenth-century British books: an index to foreign and provincial imprints	Newcastle-upon-Tyne, 1982	NULL	NULL	General	443
023B	Spufford, Margaret	Small books and pleasant histories: popular fiction and its readership in seventeenth-century England	Methuen, 1981	Chapter V on distributors, chapmen, pedlars	NULL	General	444
023C	Stoker, David	The Country Book Trades 1784-85	The Human Face of the Book Trade, 13-28	NULL	NULL	General	445
031A	Isaac, P., ed.	Newspapers in the Northeast	History of the Book Trade in the North, 78 (1999)	NULL	NULL	Newspapers	446
036A	Pickford, C.	Bedford printers in the eighteenth century	Factotum, 15 (October1982), 21-7	NULL	NULL	Bedfordshire	447
040A	Quarrie, P.F.	Printing at Eton and Windsor, an exhibition at Eton College Library, July 1987	NULL	99 items	NULL	Berkshire	448
069A	McKenzie, D.F.	Cambridge University Press 1696-1712	2 vols., Cambridge: CUP, 1966	NULL	Cambridge University Press	Cambridgshire	449
076A	Nuttall, D.	Book Trade in Cheshire to 1850	Liverpool Bib. Soc., occasional publication 3, 1992	NULL	NULL	Cheshire	450
083A	Perkins, M.R.	A note on the beginning of letterpress printingâ€¦	Factotum, 5, 6-7	NULL	NULL	Cheshire	451
096A	McKay, Barry	Cumbrian Chapbook Cuts: some Sources and Other Versions	The Reach of Prin, 65-84t	NULL	NULL	Cumberland	452
096B	McKay, Barry	Niche Marketing in the Nineteenth Century: The Shepherds' Guides of the Northern Counties	The Human Face of the Book Trade, 191-206	NULL	NULL	Cumberland	453
098A	Isaac, P.C.G.	An inventory of books sold by a 17th century Penrith Grocer (Robert Benson, 1698)	History of the Book Trade in the North, 53 (1989)	NULL	Benson, Robert	Cumberland	454
099A	McKay, Barry	John Ware, Printer and bookseller of Whitehaven: a Year from his Day-Books, 1799-1800	The Mighty Engine, 163-174	NULL	Ware, John	Cumberland	455
100A	Bell, Maureen	Reading in Seventeenth-Century Derbyshire: the Wheatcrofts and their Books	The Moving Market, 161-168	NULL	NULL	Derbyshire	456
106A	Maxted, Jan	Devon book trades: a biographical dictionary	Maxted, 1991	NULL	NULL	Devon	457
110A	Orme, N.	Martin Coeffin, the first Exeter publisher	Library, 4th series, vol. 10 (1988), 220-230	NULL	Coeffin, Martin	Devon	458
112A	Sessions, William Kaye	The King's printer at Newcastle upon Tyne in 1639, at Bristol in 1643-1645, at Exeter in 1645-1646, with illustrations and dates of extant printed works	York: Ebor Press, 1982	NULL	NULL	Devon	459
116A	Maxted, Ian	Newspaper readership in south west England:  an analysis of the Flindell's Western Luminary subscribers list of 1815.	Exeter working papers in British Book Trade History, 9 (1997)	NULL	NULL	Devon	460
117A	Palmer, J.E.C.	The Davy divinity Press at Lustleigh	Factotum, 4, 21-23	NULL	NULL	Devon	461
119A	Peterson, J.B.	Western Evening Herald	Quadrat, 12 (2001), 13-15	Plymouth	Western Evening Herald	Dorset	462
124A	Day, J.R.	Circulating library in the northeast	History of the Book Trade in the North, 67 (1994)	NULL	NULL	Durham	463
127A	McKay, Barry	Niche Marketing in the Nineteenth Century: The Shepherds' Guides of the Northern Counties	The Human Face of the Book Trade, 191-206	NULL	NULL	Durham	464
135A	Baines, P.	The first year of printing in Colchester	Factotum, 33 (1991), 7-9	NULL	NULL	Durham	465
138A	Peddie, R.A.	Notes on provincial printers and booksellers: Essex	Library World, September 1904, 57-60	NULL	NULL	Durham	466
139A	Bensusan-Butt, J.	Ms notes on Colchester printers in Colchester PL	NULL	(E.Col.1.655)	NULL	Durham	467
145A	NULL	Ann Yearsley's Public Library	Factotum, 3, 9-13	NULL	Yearsley, Ann	Gloucestershire	468
145B	NULL	William Gent of Bristol	Factotum, 11, 8-11	NULL	Gent, William	Gloucestershire	469
158A	Stevens Cox, Gregory	Earliest books printed in Guernsey	Brewhouse broadsheet 12, 1973	NULL	NULL	Guernsey	470
158B	Gregory, Alfred	Robert Raikes, journalist and philanthropist	1877	NULL	Raikes, Robert	Hampshire	471
161A	Oldfield, John	Printers, booksellers and libraries in Hampshire, 1750-1800	Hampshire papers, 3, 1993	NULL	NULL	Hampshire	472
161B	Perkins, M.	Hampshire notices of printing presses, 1799-1867	Jones, R., Six centuries, 1990	NULL	NULL	Hampshire	473
161C	Wheeler, R.W.	Booksellers and book trades of Portsmouth and Portsea, 1700-1850	Portsmouth Polytechnic dip. 1987	NULL	NULL	Hampshire	474
162A	Marshelton, Diana	Checklist of works printed by Thomas Baker, 1774-1805	University of London dissertation 1935	NULL	Baker, Thomas	Hampshire	475
163A	Bolton, Claire	A Winchester bookshop and its bindery	1991	A. & R. Holloway, T. Burd	NULL	Hampshire	476
169A	Morgan, P.	George Skyppe's catalogue of books: the library of a 17th century Herefordshire squire	Transactions of the Woolhope Naturalists Field Club, 35 (1955), 24-46	NULL	NULL	Herefordshire	477
170A	Buchanan-Brown, J.	The Haberdashers' Co. of Hereford v James Wills	Quadrat, ` (1995)	NULL	NULL	Herefordshire	478
170B	Latcham, Paul	John Allen, Jun. and his Bibliotheca Herefordiannes	D. Whitehead & J. Eisel, A Hereford Miscellany (2000), 219-223	NULL	Allen, John	Herefordshire	479
171A	Roberts, V.H.	The Leominster Orphans Press {1869+]	Nineteenth Century STC Newsletter, 4 (Feb. 1987)	NULL	NULL	Herefordshire	480
180A	Dixon, Diana	Newspapers in Huntingdonshire in the Eighteenth and Nineteenth Centuries	The Mighty Engine, 143-151	NULL	NULL	Huntingdonshire	481
181A	Goulden, R.J.	Print Culture in the Kentish Weald	The Reach of Print, 1-20	NULL	NULL	Kent	482
181B	Smith, J.R.	Bibliotheca Cantiaria	NULL	NULL	NULL	Kent	483
181C	Cowtan, Robert	Autobiography	NULL	NULL	NULL	Kent	484
181D	Knott, D.	Competition and co-operation in the Kent almanac trade: the Fisher-Simmons partnership	Factotum, occasional paper 3 (1982)	NULL	NULL	Kent	485
182A	Goulders, A.T.	Goulders of Canterbury	NULL	NULL	NULL	Kent	486
182B	Knott, David	Book trade in Kent	Working paper 1: Canterbury directory co. 1775-1832 (1982)	NULL	NULL	Kent	487
182C	Shaw, David	Canterbury's External Links: Book-trade Relations at the Regional and National Level in the Eighteenth Century	The Mighty Engine, 107-119	NULL	NULL	Kent	488
183A	Shaw, David	Books printed or published by James Abree	1981	NULL	Abree, James	Kent	489
183B	Shaw, David and Sarah Gray	James Abree (1691?-1768): Canterbury's First 'Modern' Printer	The Reach of Print, 21-36	NULL	Abree, James	Kent	490
183C	Gray, Sarah	William Flackton, 1709-1798, Canterbury Bookseller and Musician	The Mighty Engine, 121-130	William Flackton	Flackton, William	Kent	491
185C	Sessions, W.K.	John Mychell	1983	NULL	Mychell, John	Kent	492
187A	Knott, David	Book trade in Kent	Working paper 2: Isle of Thanet directory co. 1776-1832.  Privately printed (1989)	Isle of Thanet	NULL	Kent	493
187B	Knott, David	William Garner of Margate	Factotum, 15 -18	Margate	Garner, William	Kent	494
187C	Sprange, J.	Factotum, Occasional paper 3 (1983); and Printing History Society Bulletin, 10 (1983), p. 41	NULL	Tunbridge Wells	NULL	Kent	495
187D	Sprange, J.	Printer's pie archives	British Museum Soc. Bulletin, 43 (July 1983), 29-31	Illustrated	NULL	Kent	496
187E	Sprange, J.	Edmund Baker & J. Sprange	Factotum 38 (1994), 17-21	NULL	Baker, Edmund	Kent	497
187F	Clark, H.P.	Clark's guide	Rye, 1861	Preface on his early career	NULL	Kent	498
203A	Perkin, M.R., ed.	The book trade in Liverpool to 1805: a directory	Liverpool Bibliographical society, Book Trade in the North West project.  Occasional publication 1 (1981)	NULL	NULL	Lancashire	499
203B	Perkins, M.R.	A note on the survival of books with Liverpool imprints	Factotum, Occasional paper 3 (1983)	NULL	NULL	Lancashire	500
210A	Powell, Michael and Terry Wyke	'Aristotle to a Wery Tall Man': Selling Secondhand Books in Manchester in the 1830s	The Moving Marke, 93-106t	NULL	NULL	Lancashire	501
210B	Powell, Michael and Terry Wyke	At the Fall of the Hammer: Auctioning Books in Manchester 1700-1850	The Human Face of the Book Trade, 171-190	NULL	NULL	Lancashire	502
210C	Powell, Michael and Terry Wyke	Penny Capitalism in the Manchester Book Trade: The Case of James Weatherley	The Reach of Print, 135-156	NULL	NULL	Lancashire	503
211A	Scragg, B.	Mrs. Gray's circulating library, Manchester	Quadrat, 5 (Nov. 1998), 13-15	NULL	Gray, Mrs	Lancashire	504
211B	Scragg, Brenda	William Ford, Manchester Bookseller	The Human Face of the Book Trade, 155-170	NULL	Ford, William	Lancashire	505
214A	NULL	NULL	NULL	For James Parker of Preston, see J.R. Turner, 'Books for prizes', Studies in the provincial book trade, BBTI (1950), ed. D.A. Stoker, 1-12.  Post 1850	Parker, James	Lancashire	506
217A	Kendrick, James	Eyres' Warrington Press	Warrington Guardian, 1881	NULL	Eyres' Press	Lancashire	507
217B	NULL	NULL	NULL	For Eyres family, see J.F. Fulton, 'The Warrington academy 1757-1786' (Bulletin of the Institute of the History of Medicine, I, no. 2 (1933), pp. 64-66	Eyres' Press	Lancashire	508
217C	O'Brien, P.	Eyres Press, Warrington, 1756-1802	Wigan: Owl Books, 1953	NULL	Eyres' Press	Lancashire	509
217D	O'Brien, P.	The Eyres Press	Quadrat, 9 (1995), 3-7	NULL	Eyres' Press	Lancashire	510
218B	Hinks, John	The Beginnings of the Book Trade in Leicester	The Moving Market, 27-38	NULL	NULL	Leicestershire	511
218A	Hinks, John	Some Radical Printers and Booksellers of Leicester C1790-1850	The Mighty Engine, 175-184	NULL	NULL	Leicestershire	512
222A	NULL	The industrial history of Gainsborough	1982	NULL	NULL	Lincolnshire	513
222B	NULL	The Mozleys of Gainsborough	Factotum, Occasional paper 3 (1983)	NULL	Mozley	Lincolnshire	514
222C	English, Jim	Chapbooks & Primers, Piety, Poetry & Classics: the Mozleys of Gainsborough	The Mighty Engine, 153-162	NULL	Mozley	Lincolnshire	515
224A	English, J.	The Pawletts of London and Grantham	Quadrat, 7 (1998), 9-10	Grantham	Pawlett, Edward	Lincolnshire	516
224B	NULL	Edward Pawlet of Grantham	Lincolnshire's History and Archaeology, 29 (1994), 11-16	Grantham	Pawlett, Edward	Lincolnshire	517
231A	NULL	William Harrod's circulating library at Stamford	Factotum, 3, 9-13	NULL	Harrod, William	Norfolk	518
236A	Stoker, D.	Mr. Parkin's magpie, the other Mr Whittingham and the fate of Great Yarmouth	The Library, 6th series, 12 (1990), 120-131	NULL	NULL	Norfolk	519
241A	Sessions, W. K. & D. Stoker	The first printers in Norwich from 1567	1987	Includes David Stoker, Anthony de Solempne: attributions to his press	Solempne, Anthony de	Norfolk	520
243A	Stoker, David	Anthony de Solempne: attributions to his press	The Library, 6th series, 3, no. 1 (March 1981, 17-32	NULL	Solempne, Anthony de	Norfolk	521
243B	Stoker, David	Printing at the Red-Well: an Early Norwich Press through the Eyes of Contemporaries	The Mighty Engine, 97-106	NULL	NULL	Norfolk	522
244A	Hansard, Luke	Autobiography	1817	Selection in Trewin and King's Printer to the House, 1952	Hansard, Luke	Norfolk	523
244B	Myers, R.	An edition of Luke Hansard's Autobiography, 1817	Book Trade History Group Newsletter, 10 (March 1990), 12-16	NULL	Hansard, Luke	Norfolk	524
254A	Feather, J.	John Clay of Daventry	Studies in Bibliography, 17 (1984), 198-209	NULL	Clay, John	Northamptonshire	525
255A	Feather, J.	The Diceys and the Chapbook Trade	Library, 24, no. 3 (1968), 219-311	NULL	Dicey	Northamptonshire	526
255B	Duval, Gilles	The Diceys revisited	Factotum, 35 (1992), 9-11	NULL	Dicey	Northamptonshire	527
257A	Day, J.C.	Circulating library in the northeast	History of the Book Trade in the North, 67 (1994)	NULL	NULL	Northumberland	528
258A	McKay, Barry	Niche Marketing in the Nineteenth Century: The Shepherds' Guides of the Northern Counties	The Human Face of the Book Trade, 191-206	NULL	NULL	Northumberland	529
265A	Dodds, K. Ruth	Hexham imprints 1780-1900	Book trade in the North, 50 (1998)	Hexham	NULL	Northumberland	530
271A	Philipson, John	The King's Printer in Newcastle upon Tyne in 1639	The Library, 6th series, 11 (1989), 1-9	NULL	NULL	Northumberland	531
272A	Sessions, W.K.	The King's Printer at Newcastle â€¦ in 1639	York: Sessions, 1982	NULL	NULL	Northumberland	532
272B	Smith, Jeffrey	Books and Culture in Late Eighteenth- and Early Nineteenth-Century Newcastle	The Moving Market, 1-26	NULL	NULL	Northumberland	533
274A	NULL	Thomas Slack	Arch. Aeliana, 3rd series, 17 (1920), 145-51	NULL	Thomas Slack	Northumberland	534
274B	Isaac, Peter	Thomas Slack, 1723?-1784	Quadrat, 7 (June 1998), 18-20	NULL	Thomas Slack	Northumberland	535
275A	Angus, Alan	Thomas Bewick's apprentices	History of the Book Trade in the North, 1993, iii	NULL	Bewick, Thomas	Northumberland	536
281A	Isaac, Peter	William Bulmer, 1757-1830	Sandars lectures 1984	NULL	Bulmer, William	Northumberland	537
282A	Thompson, Margaret	Some aspects of printing in Wallsend	History of the Book Trade in the North, 1982	NULL	NULL	Northumberland	538
291A	NULL	Early Banbury chapbooks and broadsides	The Library, 4th series, 17 (1937), 98-108	NULL	NULL	Oxfordshire	539
293A	Nowell-Smith, S.	Charles Manby Smith	JPHS, 7 (1971), 10	Chipping Norton	Smith, Charles Manby	Oxfordshire	540
313A	Barker, Nicolas	The Oxford University Press and the spread of learning, 1478-1978	Oxford, Clarendon Press, 1978	NULL	Oxford University Press	Oxfordshire	541
320A	Mackarill, Diana R.	George and George Robert Gitton, printers, Bridgnorth	JPHS, new series, 4 (2002), 31-62	Bridgnorth	Gitton, George	Shropshire	542
321A	Sessions, William K.	A worlde of mischiefe:  The King's Printer at York â€¦ and Shrewsbury, 1642-3	York: Sessions, 1981	NULL	NULL	Shropshire	543
321B	Foot, M.M.	A binding by â€¦ 1780	Book Collector, 43 (1994), 92-4	Eddowes, Joshua	NULL	Shropshire	544
325A	Burge, K., Ed.	The story of a community and its newspaper: Somerset County Gazette, 150 years	1988	Includes general essay on Somerset newspapers 1725-1988. See 325 infra.	Somerset County Gazette	Somerset	545
333A	Vaisey, D.G.	Probate inventories of Lichfield & district, 1568-1680	William Salt Society, 4th series, 5 (1969)	Includes Richard Gladwin, 1663, on pp. 138-9; comments on books in wills, pp. 36-7	NULL	Staffordshire	546
334A	Hanks, Peter	Joshua Drewry of Stafford	Quadrat, 7 (June 1998), 14-17	Stafford	Drewry, Joshua	Staffordshire	547
336A	Copsey, Tony	Book distribution and Printing in Suffolk 1534-1850: Booksellers, Stationers, Binders and Printers.  With a Checklist of books printed in the County.	Ipswich: Ipswich Book Company, 1994	NULL	NULL	Suffolk	548
336B	Waveney Books	A catalogue of a collection of books and manuscripts relating to the county of Suffolk.  With an introduction by J.M. Blatchly (& index of Suffolk place names).	NULL	Antiquarian Booksellers' catalogue issued August 1984.  55 (+ 50) items	NULL	Suffolk	549
338A	Phipps, Janet	Book Availability in Ipswich over the Years	The Moving Market, 169-177	NULL	NULL	Suffolk	550
337A	Sessions, William	The first printers at Ipswich in 1547-1548 and Worcester in 1549-1553	W.K.Sessions, 1984	NULL	NULL	Suffolk	551
340A	Knight, John	Knight's Address to the Ladies and Gentlemen of Saxmundham and its environs	Saxmundham?, c. 1780	A poetical address in rhyming couplets of over 200 lines describing the contents of Knight's Saxmundham bookshop	NULL	Suffolk	552
344A	Goulden, R.J.	Print Culture in the Kentish Weald	The Reach of Print, 1-20	Includes some material on the High Weald of Sussex	NULL	Sussex	553
346A	Clark, H.P.	Clark's Guide	Rye, 1861	Preface	NULL	Sussex	554
346B	McCann, T.	Chichester printers in the 18th century	Factotum, 13 (Dec. 1981), 13-16	Chichester	NULL	Sussex	555
346C	McCann, T.	The tribulations of a Chichester printer	Factotum, 27 (Nov. 1998), 22-23	Joseph Seagrave	Seagrave, Joseph	Sussex	556
350A	Beaven, M.	Warwick's provincial newspapers in early 1750s	Warwick History, 9 (1993), 12-34	NULL	NULL	Warwickshire	557
350B	Chamberlain Brothers, R.J.	Horse racing ephemera of Warwickshire	Factotum, 10, 11	NULL	NULL	Warwickshire	558
350C	Goulden, R.J.	Warwick County Record Office: A Second Look	Factotum 8, 28-30	NULL	NULL	Warwickshire	559
356A	Archer, Caroline	Some notes on the Kynoch Press 1878-1981	Printing Historical Society Bulletin, 35 (1993), 10-13	NULL	NULL	Warwickshire	560
356B	Archer, Caroline	The Kynoch press :the anatomy of a printing house, 1876-1981	London;New Castle, Del.:British Library: Oak Knoll Press,2000	NULL	NULL	Warwickshire	561
362A	Fanton, s.J.	James Sketchley of Birmingham	Ars quatuor coronatorum, 50 (1940), 90	NULL	Sketchley, James	Warwickshire	562
367A	Pardoe, F.C.	A letter from John Baskerville to R. Dodsley, 12 May 1757	Printing Historical Society Bulletin, 36 (1994), 2-4	NULL	Baskerville, John	Warwickshire	563
371A	Salter, J.L.	The books of an 18th century curate	Library, 5th series (1978), 33-46	T. Devey, Coleshill, c. 1700-05	NULL	Warwickshire	564
371B	Howe, E.	Bushills: the story of a Coventry firm of printers and boxmakers 1856-1956	Coventry, 1956	NULL	Bushills	Warwickshire	565
373A	Wait, Walter Oswald	Rugby: past and present, with an historical account of neighbouring parishes	Rugby: Albert Frost & Sons, 1893	pp. 167-173	NULL	Warwickshire	566
373B	[M.H. Bloxam]	Obituary of William Billington [? Hennessey's Rugby Almanac 1872]	Copy at Warwick County Record Office, Bloxam Box file, Galley proofs, envelope 7, P	NULL	Billington, William	Warwickshire	567
373C	Nowell-Smith, S.	Charles Manby Smith	JPHS, 7 (1971), 16-18	Shipston-upon-Stour	NULL	Warwickshire	568
376A	Fergus, Jan	Eighteenth century readers in provincial England: the customers of Samuel Clay's circulating library and bookshop in Warwick 1770-72	PBSA, 78 (1984), 155-213	NULL	Clay, Samuel	Warwickshire	569
376B	Morgan, Paul	A bookseller's subscription in 1669	The Library, 5th series, 7 (1952), 281-2	John Rider of Warwick	Rider, John	Warwickshire	570
376C	Morgan, Paul	The Warwick bookseller: Richard Mountford, 1677	In N. Alcock, ed., The Past in Warwick, Coventry: University of Warwick, 1985, 31-35	NULL	Mountford, Richard	Warwickshire	571
381A	Gray, M. & L. Williams	The Merchants House, Marlborough	Quadrat 9 (1991), 8-12	NULL	NULL	Wiltshire	572
382D	Ferdinand, C.Y.	Benjamin Collins and the provincial newspaper trade in the eighteenth century	Oxford: Clarendon Press, 1997	NULL	Collins, Benjamin	Wiltshire	573
382B	Ferdinand, C.Y.	Benjamin Collins, the Salisbury Journal and the provincial book trade	The Library, 6th series, 11 (1989), 116-138	NULL	Collins, Benjamin	Wiltshire	574
382A	Crump, M.J. & R. I. Goulden	[Rev. Samuel] Fancourt's circulating library at Salisbury	Factotum 3, pp. 9-13	NULL	Fancourt, Samuel	Wiltshire	575
382C	Little, M.	Samuel Fancourt, pioneer library	Wiltshire monographs 3, 1984	See also Kelly, Early public libraries and P. Kaufman, Community Library, &c	Fancourt, Samuel	Wiltshire	576
383A	Cooper, Margaret	The Worcester Book Trade in the eighteenth century	Worcestershire Hist. Soc., occ. Pub. 8) 1997	See Quadrat 5 (1981), 24-6	NULL	Worcestershire	577
384A	Cooper, Margaret	A Snuff-Box from the King of Prussia: The Remarkable Career of Benjamin Maund, Bookseller, Druggist and Botanist 1790-1864	The Reach of Print, 51-64	Bromsgrove	Maund, Benjamin	Worcestershire	578
386A	Cooper, Margaret	Books Returned, Accounts Unsettled and Gifts of Country Food: Customer Expectations around 1700	The Mighty Engine, 131-142	Worcester	NULL	Worcestershire	579
388A	Isaacs, Peter	Unlawful Societies Act 1788; printers' registries in West Yorkshire 1798-1867	History of the Book Trade in the North, 66 (1994)	[unindexed]	NULL	Yorkshire	580
388B	NULL	NULL	NULL	Originally in Monotype Recorder, 32, 2 (new series) (1933), pp. 2-8	NULL	Yorkshire	581
389A	McKay, Barry	Niche Marketing in the Nineteenth Century: The Shepherds' Guides of the Northern Counties	The Human Face of the Book Trade, 191-206	NULL	NULL	Yorkshire	582
399A	NULL	William Milner of Halifax: printer and publisher, checklist â€¦	Ken Spelman, 1991	NULL	Milner, William	Yorkshire	583
401A	Hunt, W.	Keele newspapers	1880	NULL	NULL	Yorkshire	584
404D	NULL	NULL	NULL	See P.M.'s criticism in Book Collector 29 (1980), 251-6	NULL	Yorkshire	585
404A	Chilton, C.W.	Early Hull printers and booksellers. An account of the printing, bookselling and allied trades from their beginnings to 1840	Kingston-upon-Hull City Council, 1982	NULL	NULL	Yorkshire	586
404B	Robinson, Elaine	18th century Hull imprints: a supplement to C.W. Chilton	Factotum, 23 (Feb. 1987), 17-19	NULL	NULL	Yorkshire	587
404C	Cross, A.	From Hull to Petersburg: Levesque's History of Russia printed by George Prince	Factotum, 33 (1991), 14-17	NULL	NULL	Yorkshire	588
414A	Schmoller, Tanya	Sheffield papermakers	History of the Book Trade in the North, 59 (1992)	NULL	NULL	Yorkshire	589
415A	Schmoller, Tanya	Life and times of â€¦. Revel Hamper	History of the Book Trade in the North, 79 (1999)	NULL	Hamper, Revel	Yorkshire	590
416A	Daphne Franks,	Printing and publishing in Stokesley	Stokesley and District Local History Study Group (1984)	Stokesley	NULL	Yorkshire	591
422A	Gee, Stacey	The coming of print to York, c1490-1550	The Mighty Engine, 79-88	NULL	NULL	Yorkshire	592
422B	Gee, S.	The printers, stationers and bookbinders of York before 1537	Trans. Cambridge Bib. Soc., 12 (2000)	NULL	NULL	Yorkshire	593
422C	Morgan, D.	Early printing and binding in York [c. 1514]	Book Collector, Summer 1981, pp. 216-24	NULL	NULL	Yorkshire	594
423A	Sessions, William. K.	A worlde of mischiefe: the King's printers at York in 1612 and at Shrewsbury 1662-3	York:  Sessions, 1981	NULL	NULL	Yorkshire	595
423B	NULL	Les deux pierres: Rouen, Edinburgh, York	York: Sessions, 1982	NULL	NULL	Yorkshire	596
423C	Barnard, J. & M. Bell	The early 17th century York book trade and John Foster's inventory of 1616	Proc. Leeds Phil. & Lit. Soc., XXIV, 2, 1994	NULL	Foster, John	Yorkshire	597
425A	Kendrew, James	NULL	NULL	NULL	NULL	Yorkshire	598
430A	Jones, Philip Henry	The Welsh Wesleyan Bookroom, 1824-1828: A New Set of Printing Accounts	The Reach of Print, 37-49	WALES - Montgomeryshire	NULL	Montgomeryshire	599
